Processing all 35 test cases from input file
Using DeepSeek API with model: deepseek-chat

================================================================================
PROCESSING TEST CASE 1/35
================================================================================
Entry Point: io.jooby.Environment.systemProperties()
Third Party Method: com.typesafe.config.ConfigParseOptions.setOriginDescription(java.lang.String)
================================================================================

[DEBUG-STREAM] Processing node: generate, has iteration_log: True, approved=False
[Generate] produced 581 chars
/Users/yogyagamage/Documents/UdeM/Courses/Testing/project/eval/jooby/jooby
[DEBUG-STREAM] Processing node: write, has iteration_log: True, approved=False
[Write] wrote to /Users/yogyagamage/Documents/UdeM/Courses/Testing/project/eval/jooby/jooby/src/test/java/io/jooby/EnvironmentsystemProperties_ConfigParseOptionssetOriginDescriptionFikaTest.java
[DEBUG-STREAM] Processing node: validate_constraints, has iteration_log: True, approved=False
[Validate] PASSED - hard constraints satisfied
[DEBUG-STREAM] Processing node: run, has iteration_log: True, approved=False
[Run] feedback_chars=3957
[DEBUG-STREAM] Processing node: check_coverage, has iteration_log: True, approved=False
[Coverage] target 'com.typesafe.config.ConfigParseOptions.setOriginDescription(java.lang.String)' covered=True
[DEBUG-STREAM] Processing node: decide, has iteration_log: True, approved=True
[Decide] approved=True (tests passed AND target method covered)
[DEBUG-STREAM] Processing node: finalize, has iteration_log: True, approved=True
[Finalize] SUCCESS: Test passed and target method covered

[DEBUG] Stream completed. final_state is set
[DEBUG] final_state keys: ['repo_root', 'mvn_cmd', 'max_iterations', 'run_only_generated_test', 'entryPoint', 'thirdPartyMethod', 'directCaller', 'path', 'methodSources', 'constructors', 'setters', 'fieldDeclarations', 'imports', 'testTemplate', 'conditionCount', 'callCount', 'covered', 'test_package', 'test_class_name', 'iteration', 'java_source', 'last_run_output', 'last_exit_code', 'success', 'approved', 'test_rel_path', 'trace', 'target_method_covered', 'coverage_total_lines', 'coverage_error', 'path_coverage_details', 'iteration_log', 'last_prompt']
[DEBUG] approved (after bool()) = True
✓ Test approved at iteration 1
  JSON path: /Users/yogyagamage/Documents/UdeM/Courses/Testing/project/eval/jooby/jooby/third_party_apis_full_methods.json
  Looking for thirdPartyMethod: com.typesafe.config.ConfigParseOptions.setOriginDescription(java.lang.String)
  Looking for directCaller: io.jooby.Environment.systemProperties()
[DEBUG]   ✓ MATCH FOUND at path 0
✓ Updated 1 record(s) in JSON file as covered
  Third Party Method: com.typesafe.config.ConfigParseOptions.setOriginDescription(java.lang.String)
  Direct Caller: io.jooby.Environment.systemProperties()

================================================================================
PROCESSING TEST CASE 2/35
================================================================================
Entry Point: io.jooby.Jooby.problemDetailsIsEnabled()
Third Party Method: com.typesafe.config.Config.getBoolean(java.lang.String)
================================================================================

[DEBUG-STREAM] Processing node: generate, has iteration_log: True, approved=False
[Generate] produced 583 chars
/Users/yogyagamage/Documents/UdeM/Courses/Testing/project/eval/jooby/jooby
[DEBUG-STREAM] Processing node: write, has iteration_log: True, approved=False
[Write] wrote to /Users/yogyagamage/Documents/UdeM/Courses/Testing/project/eval/jooby/jooby/src/test/java/io/jooby/JoobyproblemDetailsIsEnabled_ConfiggetBooleanFikaTest.java
[DEBUG-STREAM] Processing node: validate_constraints, has iteration_log: True, approved=False
[Validate] PASSED - hard constraints satisfied
[DEBUG-STREAM] Processing node: run, has iteration_log: True, approved=False
[Run] feedback_chars=572
[DEBUG-STREAM] Processing node: check_coverage, has iteration_log: True, approved=False
[Coverage] target 'com.typesafe.config.Config.getBoolean(java.lang.String)' covered=False
[DEBUG-STREAM] Processing node: decide, has iteration_log: True, approved=False
[Decide] approved=False (tests failed, will retry if iteration<5)
[DEBUG-STREAM] Processing node: generate, has iteration_log: True, approved=False
[Generate] produced 1118 chars
/Users/yogyagamage/Documents/UdeM/Courses/Testing/project/eval/jooby/jooby
[DEBUG-STREAM] Processing node: write, has iteration_log: True, approved=False
[Write] wrote to /Users/yogyagamage/Documents/UdeM/Courses/Testing/project/eval/jooby/jooby/src/test/java/io/jooby/JoobyproblemDetailsIsEnabled_ConfiggetBooleanFikaTest.java
[DEBUG-STREAM] Processing node: validate_constraints, has iteration_log: True, approved=False
[Validate] PASSED - hard constraints satisfied
[DEBUG-STREAM] Processing node: run, has iteration_log: True, approved=False
[Run] feedback_chars=857
[DEBUG-STREAM] Processing node: check_coverage, has iteration_log: True, approved=False
[Coverage] target 'com.typesafe.config.Config.getBoolean(java.lang.String)' covered=False
[DEBUG-STREAM] Processing node: decide, has iteration_log: True, approved=False
[Decide] approved=False (tests failed, will retry if iteration<5)
[DEBUG-STREAM] Processing node: generate, has iteration_log: True, approved=False
[Generate] produced 963 chars
/Users/yogyagamage/Documents/UdeM/Courses/Testing/project/eval/jooby/jooby
[DEBUG-STREAM] Processing node: write, has iteration_log: True, approved=False
[Write] wrote to /Users/yogyagamage/Documents/UdeM/Courses/Testing/project/eval/jooby/jooby/src/test/java/io/jooby/JoobyproblemDetailsIsEnabled_ConfiggetBooleanFikaTest.java
[DEBUG-STREAM] Processing node: validate_constraints, has iteration_log: True, approved=False
[Validate] PASSED - hard constraints satisfied
[DEBUG-STREAM] Processing node: run, has iteration_log: True, approved=False
[Run] feedback_chars=1348
[DEBUG-STREAM] Processing node: check_coverage, has iteration_log: True, approved=False
[Coverage] target 'com.typesafe.config.Config.getBoolean(java.lang.String)' covered=False
[DEBUG-STREAM] Processing node: decide, has iteration_log: True, approved=False
[Decide] approved=False (tests failed, will retry if iteration<5)
[DEBUG-STREAM] Processing node: generate, has iteration_log: True, approved=False
[Generate] produced 1583 chars
/Users/yogyagamage/Documents/UdeM/Courses/Testing/project/eval/jooby/jooby
[DEBUG-STREAM] Processing node: write, has iteration_log: True, approved=False
[Write] wrote to /Users/yogyagamage/Documents/UdeM/Courses/Testing/project/eval/jooby/jooby/src/test/java/io/jooby/JoobyproblemDetailsIsEnabled_ConfiggetBooleanFikaTest.java
[DEBUG-STREAM] Processing node: validate_constraints, has iteration_log: True, approved=False
[Validate] PASSED - hard constraints satisfied
[DEBUG-STREAM] Processing node: run, has iteration_log: True, approved=False
[Run] feedback_chars=4199
[DEBUG-STREAM] Processing node: check_coverage, has iteration_log: True, approved=False
[Coverage] target 'com.typesafe.config.Config.getBoolean(java.lang.String)' covered=True
[DEBUG-STREAM] Processing node: decide, has iteration_log: True, approved=True
[Decide] approved=True (tests passed AND target method covered)
[DEBUG-STREAM] Processing node: finalize, has iteration_log: True, approved=True
[Finalize] SUCCESS: Test passed and target method covered

[DEBUG] Stream completed. final_state is set
[DEBUG] final_state keys: ['repo_root', 'mvn_cmd', 'max_iterations', 'run_only_generated_test', 'entryPoint', 'thirdPartyMethod', 'directCaller', 'path', 'methodSources', 'constructors', 'setters', 'fieldDeclarations', 'imports', 'testTemplate', 'conditionCount', 'callCount', 'covered', 'test_package', 'test_class_name', 'iteration', 'java_source', 'last_run_output', 'last_exit_code', 'success', 'approved', 'test_rel_path', 'trace', 'target_method_covered', 'coverage_total_lines', 'coverage_error', 'path_coverage_details', 'iteration_log', 'last_prompt']
[DEBUG] approved (after bool()) = True
✓ Test approved at iteration 4
  JSON path: /Users/yogyagamage/Documents/UdeM/Courses/Testing/project/eval/jooby/jooby/third_party_apis_full_methods.json
  Looking for thirdPartyMethod: com.typesafe.config.Config.getBoolean(java.lang.String)
  Looking for directCaller: io.jooby.Jooby.problemDetailsIsEnabled()
[DEBUG]   ✓ MATCH FOUND at path 1
✓ Updated 1 record(s) in JSON file as covered
  Third Party Method: com.typesafe.config.Config.getBoolean(java.lang.String)
  Direct Caller: io.jooby.Jooby.problemDetailsIsEnabled()

================================================================================
PROCESSING TEST CASE 3/35
================================================================================
Entry Point: io.jooby.Jooby.problemDetailsIsEnabled()
Third Party Method: com.typesafe.config.Config.hasPath(java.lang.String)
================================================================================

[DEBUG-STREAM] Processing node: generate, has iteration_log: True, approved=False
[Generate] produced 1005 chars
/Users/yogyagamage/Documents/UdeM/Courses/Testing/project/eval/jooby/jooby
[DEBUG-STREAM] Processing node: write, has iteration_log: True, approved=False
[Write] wrote to /Users/yogyagamage/Documents/UdeM/Courses/Testing/project/eval/jooby/jooby/src/test/java/io/jooby/JoobyproblemDetailsIsEnabled_ConfighasPathFikaTest.java
[DEBUG-STREAM] Processing node: validate_constraints, has iteration_log: True, approved=False
[Validate] PASSED - hard constraints satisfied
[DEBUG-STREAM] Processing node: run, has iteration_log: True, approved=False
[Run] feedback_chars=583
[DEBUG-STREAM] Processing node: check_coverage, has iteration_log: True, approved=False
[Coverage] target 'com.typesafe.config.Config.hasPath(java.lang.String)' covered=False
[DEBUG-STREAM] Processing node: decide, has iteration_log: True, approved=False
[Decide] approved=False (tests failed, will retry if iteration<5)
[DEBUG-STREAM] Processing node: generate, has iteration_log: True, approved=False
[Generate] produced 566 chars
/Users/yogyagamage/Documents/UdeM/Courses/Testing/project/eval/jooby/jooby
[DEBUG-STREAM] Processing node: write, has iteration_log: True, approved=False
[Write] wrote to /Users/yogyagamage/Documents/UdeM/Courses/Testing/project/eval/jooby/jooby/src/test/java/io/jooby/JoobyproblemDetailsIsEnabled_ConfighasPathFikaTest.java
[DEBUG-STREAM] Processing node: validate_constraints, has iteration_log: True, approved=False
[Validate] PASSED - hard constraints satisfied
[DEBUG-STREAM] Processing node: run, has iteration_log: True, approved=False
[Run] feedback_chars=4193
[DEBUG-STREAM] Processing node: check_coverage, has iteration_log: True, approved=False
[Coverage] target 'com.typesafe.config.Config.hasPath(java.lang.String)' covered=True
[DEBUG-STREAM] Processing node: decide, has iteration_log: True, approved=True
[Decide] approved=True (tests passed AND target method covered)
[DEBUG-STREAM] Processing node: finalize, has iteration_log: True, approved=True
[Finalize] SUCCESS: Test passed and target method covered

[DEBUG] Stream completed. final_state is set
[DEBUG] final_state keys: ['repo_root', 'mvn_cmd', 'max_iterations', 'run_only_generated_test', 'entryPoint', 'thirdPartyMethod', 'directCaller', 'path', 'methodSources', 'constructors', 'setters', 'fieldDeclarations', 'imports', 'testTemplate', 'conditionCount', 'callCount', 'covered', 'test_package', 'test_class_name', 'iteration', 'java_source', 'last_run_output', 'last_exit_code', 'success', 'approved', 'test_rel_path', 'trace', 'target_method_covered', 'coverage_total_lines', 'coverage_error', 'path_coverage_details', 'iteration_log', 'last_prompt']
[DEBUG] approved (after bool()) = True
✓ Test approved at iteration 2
  JSON path: /Users/yogyagamage/Documents/UdeM/Courses/Testing/project/eval/jooby/jooby/third_party_apis_full_methods.json
  Looking for thirdPartyMethod: com.typesafe.config.Config.hasPath(java.lang.String)
  Looking for directCaller: io.jooby.Jooby.problemDetailsIsEnabled()
[DEBUG]   ✓ MATCH FOUND at path 2
✓ Updated 1 record(s) in JSON file as covered
  Third Party Method: com.typesafe.config.Config.hasPath(java.lang.String)
  Direct Caller: io.jooby.Jooby.problemDetailsIsEnabled()

================================================================================
PROCESSING TEST CASE 4/35
================================================================================
Entry Point: io.jooby.Environment.systemProperties()
Third Party Method: com.typesafe.config.ConfigFactory.parseProperties(java.util.Properties, com.typesafe.config.ConfigParseOptions)
================================================================================

[DEBUG-STREAM] Processing node: generate, has iteration_log: True, approved=False
[Generate] produced 571 chars
/Users/yogyagamage/Documents/UdeM/Courses/Testing/project/eval/jooby/jooby
[DEBUG-STREAM] Processing node: write, has iteration_log: True, approved=False
[Write] wrote to /Users/yogyagamage/Documents/UdeM/Courses/Testing/project/eval/jooby/jooby/src/test/java/io/jooby/EnvironmentsystemProperties_ConfigFactoryparsePropertiesFikaTest.java
[DEBUG-STREAM] Processing node: validate_constraints, has iteration_log: True, approved=False
[Validate] PASSED - hard constraints satisfied
[DEBUG-STREAM] Processing node: run, has iteration_log: True, approved=False
[Run] feedback_chars=4035
[DEBUG-STREAM] Processing node: check_coverage, has iteration_log: True, approved=False
[Coverage] target 'com.typesafe.config.ConfigFactory.parseProperties(java.util.Properties, com.typesafe.config.ConfigParseOptions)' covered=True
[DEBUG-STREAM] Processing node: decide, has iteration_log: True, approved=True
[Decide] approved=True (tests passed AND target method covered)
[DEBUG-STREAM] Processing node: finalize, has iteration_log: True, approved=True
[Finalize] SUCCESS: Test passed and target method covered

[DEBUG] Stream completed. final_state is set
[DEBUG] final_state keys: ['repo_root', 'mvn_cmd', 'max_iterations', 'run_only_generated_test', 'entryPoint', 'thirdPartyMethod', 'directCaller', 'path', 'methodSources', 'constructors', 'setters', 'fieldDeclarations', 'imports', 'testTemplate', 'conditionCount', 'callCount', 'covered', 'test_package', 'test_class_name', 'iteration', 'java_source', 'last_run_output', 'last_exit_code', 'success', 'approved', 'test_rel_path', 'trace', 'target_method_covered', 'coverage_total_lines', 'coverage_error', 'path_coverage_details', 'iteration_log', 'last_prompt']
[DEBUG] approved (after bool()) = True
✓ Test approved at iteration 1
  JSON path: /Users/yogyagamage/Documents/UdeM/Courses/Testing/project/eval/jooby/jooby/third_party_apis_full_methods.json
  Looking for thirdPartyMethod: com.typesafe.config.ConfigFactory.parseProperties(java.util.Properties, com.typesafe.config.ConfigParseOptions)
  Looking for directCaller: io.jooby.Environment.systemProperties()
[DEBUG]   ✓ MATCH FOUND at path 3
✓ Updated 1 record(s) in JSON file as covered
  Third Party Method: com.typesafe.config.ConfigFactory.parseProperties(java.util.Properties, com.typesafe.config.ConfigParseOptions)
  Direct Caller: io.jooby.Environment.systemProperties()

================================================================================
PROCESSING TEST CASE 5/35
================================================================================
Entry Point: io.jooby.handler.RateLimitHandler.apply(io.jooby.Context)
Third Party Method: io.github.bucket4j.ConsumptionProbe.getRemainingTokens()
================================================================================

[DEBUG-STREAM] Processing node: generate, has iteration_log: True, approved=False
[Generate] produced 1508 chars
/Users/yogyagamage/Documents/UdeM/Courses/Testing/project/eval/jooby/jooby
[DEBUG-STREAM] Processing node: write, has iteration_log: True, approved=False
[Write] wrote to /Users/yogyagamage/Documents/UdeM/Courses/Testing/project/eval/jooby/jooby/src/test/java/io/jooby/handler/RateLimitHandlerapply_ConsumptionProbegetRemainingTokensFikaTest.java
[DEBUG-STREAM] Processing node: validate_constraints, has iteration_log: True, approved=False
[Validate] PASSED - hard constraints satisfied
[DEBUG-STREAM] Processing node: run, has iteration_log: True, approved=False
[Run] feedback_chars=589
[DEBUG-STREAM] Processing node: check_coverage, has iteration_log: True, approved=False
[Coverage] target 'io.github.bucket4j.ConsumptionProbe.getRemainingTokens()' covered=False
[DEBUG-STREAM] Processing node: decide, has iteration_log: True, approved=False
[Decide] approved=False (tests failed, will retry if iteration<5)
[DEBUG-STREAM] Processing node: generate, has iteration_log: True, approved=False
[Generate] produced 1548 chars
/Users/yogyagamage/Documents/UdeM/Courses/Testing/project/eval/jooby/jooby
[DEBUG-STREAM] Processing node: write, has iteration_log: True, approved=False
[Write] wrote to /Users/yogyagamage/Documents/UdeM/Courses/Testing/project/eval/jooby/jooby/src/test/java/io/jooby/handler/RateLimitHandlerapply_ConsumptionProbegetRemainingTokensFikaTest.java
[DEBUG-STREAM] Processing node: validate_constraints, has iteration_log: True, approved=False
[Validate] PASSED - hard constraints satisfied
[DEBUG-STREAM] Processing node: run, has iteration_log: True, approved=False
[Run] feedback_chars=592
[DEBUG-STREAM] Processing node: check_coverage, has iteration_log: True, approved=False
[Coverage] target 'io.github.bucket4j.ConsumptionProbe.getRemainingTokens()' covered=False
[DEBUG-STREAM] Processing node: decide, has iteration_log: True, approved=False
[Decide] approved=False (tests failed, will retry if iteration<5)
[DEBUG-STREAM] Processing node: generate, has iteration_log: True, approved=False
[Generate] produced 1451 chars
/Users/yogyagamage/Documents/UdeM/Courses/Testing/project/eval/jooby/jooby
[DEBUG-STREAM] Processing node: write, has iteration_log: True, approved=False
[Write] wrote to /Users/yogyagamage/Documents/UdeM/Courses/Testing/project/eval/jooby/jooby/src/test/java/io/jooby/handler/RateLimitHandlerapply_ConsumptionProbegetRemainingTokensFikaTest.java
[DEBUG-STREAM] Processing node: validate_constraints, has iteration_log: True, approved=False
[Validate] PASSED - hard constraints satisfied
[DEBUG-STREAM] Processing node: run, has iteration_log: True, approved=False
[Run] feedback_chars=4051
[DEBUG-STREAM] Processing node: check_coverage, has iteration_log: True, approved=False
[Coverage] target 'io.github.bucket4j.ConsumptionProbe.getRemainingTokens()' covered=True
[DEBUG-STREAM] Processing node: decide, has iteration_log: True, approved=True
[Decide] approved=True (tests passed AND target method covered)
[DEBUG-STREAM] Processing node: finalize, has iteration_log: True, approved=True
[Finalize] SUCCESS: Test passed and target method covered

[DEBUG] Stream completed. final_state is set
[DEBUG] final_state keys: ['repo_root', 'mvn_cmd', 'max_iterations', 'run_only_generated_test', 'entryPoint', 'thirdPartyMethod', 'directCaller', 'path', 'methodSources', 'constructors', 'setters', 'fieldDeclarations', 'imports', 'testTemplate', 'conditionCount', 'callCount', 'covered', 'test_package', 'test_class_name', 'iteration', 'java_source', 'last_run_output', 'last_exit_code', 'success', 'approved', 'test_rel_path', 'trace', 'target_method_covered', 'coverage_total_lines', 'coverage_error', 'path_coverage_details', 'iteration_log', 'last_prompt']
[DEBUG] approved (after bool()) = True
✓ Test approved at iteration 3
  JSON path: /Users/yogyagamage/Documents/UdeM/Courses/Testing/project/eval/jooby/jooby/third_party_apis_full_methods.json
  Looking for thirdPartyMethod: io.github.bucket4j.ConsumptionProbe.getRemainingTokens()
  Looking for directCaller: io.jooby.handler.RateLimitHandler.apply(io.jooby.Context)
[DEBUG]   ✓ MATCH FOUND at path 4
✓ Updated 1 record(s) in JSON file as covered
  Third Party Method: io.github.bucket4j.ConsumptionProbe.getRemainingTokens()
  Direct Caller: io.jooby.handler.RateLimitHandler.apply(io.jooby.Context)

================================================================================
PROCESSING TEST CASE 6/35
================================================================================
Entry Point: io.jooby.handler.RateLimitHandler.apply(io.jooby.Context)
Third Party Method: io.github.bucket4j.Bucket.tryConsumeAndReturnRemaining(long)
================================================================================

[DEBUG-STREAM] Processing node: generate, has iteration_log: True, approved=False
[Generate] produced 1590 chars
/Users/yogyagamage/Documents/UdeM/Courses/Testing/project/eval/jooby/jooby
[DEBUG-STREAM] Processing node: write, has iteration_log: True, approved=False
[Write] wrote to /Users/yogyagamage/Documents/UdeM/Courses/Testing/project/eval/jooby/jooby/src/test/java/io/jooby/handler/RateLimitHandlerapply_BuckettryConsumeAndReturnRemainingFikaTest.java
[DEBUG-STREAM] Processing node: validate_constraints, has iteration_log: True, approved=False
[Validate] PASSED - hard constraints satisfied
[DEBUG-STREAM] Processing node: run, has iteration_log: True, approved=False
[Run] feedback_chars=4051
[DEBUG-STREAM] Processing node: check_coverage, has iteration_log: True, approved=False
[Coverage] target 'io.github.bucket4j.Bucket.tryConsumeAndReturnRemaining(long)' covered=True
[DEBUG-STREAM] Processing node: decide, has iteration_log: True, approved=True
[Decide] approved=True (tests passed AND target method covered)
[DEBUG-STREAM] Processing node: finalize, has iteration_log: True, approved=True
[Finalize] SUCCESS: Test passed and target method covered

[DEBUG] Stream completed. final_state is set
[DEBUG] final_state keys: ['repo_root', 'mvn_cmd', 'max_iterations', 'run_only_generated_test', 'entryPoint', 'thirdPartyMethod', 'directCaller', 'path', 'methodSources', 'constructors', 'setters', 'fieldDeclarations', 'imports', 'testTemplate', 'conditionCount', 'callCount', 'covered', 'test_package', 'test_class_name', 'iteration', 'java_source', 'last_run_output', 'last_exit_code', 'success', 'approved', 'test_rel_path', 'trace', 'target_method_covered', 'coverage_total_lines', 'coverage_error', 'path_coverage_details', 'iteration_log', 'last_prompt']
[DEBUG] approved (after bool()) = True
✓ Test approved at iteration 1
  JSON path: /Users/yogyagamage/Documents/UdeM/Courses/Testing/project/eval/jooby/jooby/third_party_apis_full_methods.json
  Looking for thirdPartyMethod: io.github.bucket4j.Bucket.tryConsumeAndReturnRemaining(long)
  Looking for directCaller: io.jooby.handler.RateLimitHandler.apply(io.jooby.Context)
[DEBUG]   ✓ MATCH FOUND at path 5
✓ Updated 1 record(s) in JSON file as covered
  Third Party Method: io.github.bucket4j.Bucket.tryConsumeAndReturnRemaining(long)
  Direct Caller: io.jooby.handler.RateLimitHandler.apply(io.jooby.Context)

================================================================================
PROCESSING TEST CASE 7/35
================================================================================
Entry Point: io.jooby.internal.ServiceRegistryImpl.getOrNull(io.jooby.ServiceKey)
Third Party Method: jakarta.inject.Provider.get()
================================================================================

[DEBUG-STREAM] Processing node: generate, has iteration_log: True, approved=False
[Generate] produced 993 chars
/Users/yogyagamage/Documents/UdeM/Courses/Testing/project/eval/jooby/jooby
[DEBUG-STREAM] Processing node: write, has iteration_log: True, approved=False
[Write] wrote to /Users/yogyagamage/Documents/UdeM/Courses/Testing/project/eval/jooby/jooby/src/test/java/io/jooby/internal/ServiceRegistryImplgetOrNull_ProvidergetFikaTest.java
[DEBUG-STREAM] Processing node: validate_constraints, has iteration_log: True, approved=False
[Validate] PASSED - hard constraints satisfied
[DEBUG-STREAM] Processing node: run, has iteration_log: True, approved=False
[Run] feedback_chars=4021
[DEBUG-STREAM] Processing node: check_coverage, has iteration_log: True, approved=False
[Coverage] target 'jakarta.inject.Provider.get()' covered=True
[DEBUG-STREAM] Processing node: decide, has iteration_log: True, approved=True
[Decide] approved=True (tests passed AND target method covered)
[DEBUG-STREAM] Processing node: finalize, has iteration_log: True, approved=True
[Finalize] SUCCESS: Test passed and target method covered

[DEBUG] Stream completed. final_state is set
[DEBUG] final_state keys: ['repo_root', 'mvn_cmd', 'max_iterations', 'run_only_generated_test', 'entryPoint', 'thirdPartyMethod', 'directCaller', 'path', 'methodSources', 'constructors', 'setters', 'fieldDeclarations', 'imports', 'testTemplate', 'conditionCount', 'callCount', 'covered', 'test_package', 'test_class_name', 'iteration', 'java_source', 'last_run_output', 'last_exit_code', 'success', 'approved', 'test_rel_path', 'trace', 'target_method_covered', 'coverage_total_lines', 'coverage_error', 'path_coverage_details', 'iteration_log', 'last_prompt']
[DEBUG] approved (after bool()) = True
✓ Test approved at iteration 1
  JSON path: /Users/yogyagamage/Documents/UdeM/Courses/Testing/project/eval/jooby/jooby/third_party_apis_full_methods.json
  Looking for thirdPartyMethod: jakarta.inject.Provider.get()
  Looking for directCaller: io.jooby.internal.ServiceRegistryImpl.getOrNull(io.jooby.ServiceKey)
[DEBUG]   ✓ MATCH FOUND at path 6
✓ Updated 1 record(s) in JSON file as covered
  Third Party Method: jakarta.inject.Provider.get()
  Direct Caller: io.jooby.internal.ServiceRegistryImpl.getOrNull(io.jooby.ServiceKey)

================================================================================
PROCESSING TEST CASE 8/35
================================================================================
Entry Point: io.jooby.Cookie.create(java.lang.String, com.typesafe.config.Config)
Third Party Method: com.typesafe.config.Config.getString(java.lang.String)
================================================================================

[DEBUG-STREAM] Processing node: generate, has iteration_log: True, approved=False
[Generate] produced 388 chars
/Users/yogyagamage/Documents/UdeM/Courses/Testing/project/eval/jooby/jooby
[DEBUG-STREAM] Processing node: write, has iteration_log: True, approved=False
[Write] wrote to /Users/yogyagamage/Documents/UdeM/Courses/Testing/project/eval/jooby/jooby/src/test/java/io/jooby/Cookiecreate_ConfiggetStringFikaTest.java
[DEBUG-STREAM] Processing node: validate_constraints, has iteration_log: True, approved=False
[Validate] PASSED - hard constraints satisfied
[DEBUG-STREAM] Processing node: run, has iteration_log: True, approved=False
[Run] feedback_chars=3979
[DEBUG-STREAM] Processing node: check_coverage, has iteration_log: True, approved=False
[Coverage] target 'com.typesafe.config.Config.getString(java.lang.String)' covered=True
[DEBUG-STREAM] Processing node: decide, has iteration_log: True, approved=True
[Decide] approved=True (tests passed AND target method covered)
[DEBUG-STREAM] Processing node: finalize, has iteration_log: True, approved=True
[Finalize] SUCCESS: Test passed and target method covered

[DEBUG] Stream completed. final_state is set
[DEBUG] final_state keys: ['repo_root', 'mvn_cmd', 'max_iterations', 'run_only_generated_test', 'entryPoint', 'thirdPartyMethod', 'directCaller', 'path', 'methodSources', 'constructors', 'setters', 'fieldDeclarations', 'imports', 'testTemplate', 'conditionCount', 'callCount', 'covered', 'test_package', 'test_class_name', 'iteration', 'java_source', 'last_run_output', 'last_exit_code', 'success', 'approved', 'test_rel_path', 'trace', 'target_method_covered', 'coverage_total_lines', 'coverage_error', 'path_coverage_details', 'iteration_log', 'last_prompt']
[DEBUG] approved (after bool()) = True
✓ Test approved at iteration 1
  JSON path: /Users/yogyagamage/Documents/UdeM/Courses/Testing/project/eval/jooby/jooby/third_party_apis_full_methods.json
  Looking for thirdPartyMethod: com.typesafe.config.Config.getString(java.lang.String)
  Looking for directCaller: io.jooby.Cookie.create(java.lang.String, com.typesafe.config.Config)
[DEBUG]   ✓ MATCH FOUND at path 7
✓ Updated 1 record(s) in JSON file as covered
  Third Party Method: com.typesafe.config.Config.getString(java.lang.String)
  Direct Caller: io.jooby.Cookie.create(java.lang.String, com.typesafe.config.Config)

================================================================================
PROCESSING TEST CASE 9/35
================================================================================
Entry Point: io.jooby.Environment.getProperty(java.lang.String, java.lang.String)
Third Party Method: com.typesafe.config.Config.getString(java.lang.String)
================================================================================

[DEBUG-STREAM] Processing node: generate, has iteration_log: True, approved=False
[Generate] produced 655 chars
/Users/yogyagamage/Documents/UdeM/Courses/Testing/project/eval/jooby/jooby
[DEBUG-STREAM] Processing node: write, has iteration_log: True, approved=False
[Write] wrote to /Users/yogyagamage/Documents/UdeM/Courses/Testing/project/eval/jooby/jooby/src/test/java/io/jooby/EnvironmentgetProperty_ConfiggetStringFikaTest.java
[DEBUG-STREAM] Processing node: validate_constraints, has iteration_log: True, approved=False
[Validate] PASSED - hard constraints satisfied
[DEBUG-STREAM] Processing node: run, has iteration_log: True, approved=False
[Run] feedback_chars=3999
[DEBUG-STREAM] Processing node: check_coverage, has iteration_log: True, approved=False
[Coverage] target 'com.typesafe.config.Config.getString(java.lang.String)' covered=True
[DEBUG-STREAM] Processing node: decide, has iteration_log: True, approved=True
[Decide] approved=True (tests passed AND target method covered)
[DEBUG-STREAM] Processing node: finalize, has iteration_log: True, approved=True
[Finalize] SUCCESS: Test passed and target method covered

[DEBUG] Stream completed. final_state is set
[DEBUG] final_state keys: ['repo_root', 'mvn_cmd', 'max_iterations', 'run_only_generated_test', 'entryPoint', 'thirdPartyMethod', 'directCaller', 'path', 'methodSources', 'constructors', 'setters', 'fieldDeclarations', 'imports', 'testTemplate', 'conditionCount', 'callCount', 'covered', 'test_package', 'test_class_name', 'iteration', 'java_source', 'last_run_output', 'last_exit_code', 'success', 'approved', 'test_rel_path', 'trace', 'target_method_covered', 'coverage_total_lines', 'coverage_error', 'path_coverage_details', 'iteration_log', 'last_prompt']
[DEBUG] approved (after bool()) = True
✓ Test approved at iteration 1
  JSON path: /Users/yogyagamage/Documents/UdeM/Courses/Testing/project/eval/jooby/jooby/third_party_apis_full_methods.json
  Looking for thirdPartyMethod: com.typesafe.config.Config.getString(java.lang.String)
  Looking for directCaller: io.jooby.Environment.getProperty(java.lang.String, java.lang.String)
[DEBUG]   ✓ MATCH FOUND at path 8
✓ Updated 1 record(s) in JSON file as covered
  Third Party Method: com.typesafe.config.Config.getString(java.lang.String)
  Direct Caller: io.jooby.Environment.getProperty(java.lang.String, java.lang.String)

================================================================================
PROCESSING TEST CASE 10/35
================================================================================
Entry Point: io.jooby.handler.RateLimitHandler.apply(io.jooby.Context)
Third Party Method: io.github.bucket4j.ConsumptionProbe.getNanosToWaitForRefill()
================================================================================

[DEBUG-STREAM] Processing node: generate, has iteration_log: True, approved=False
[Generate] produced 1383 chars
/Users/yogyagamage/Documents/UdeM/Courses/Testing/project/eval/jooby/jooby
[DEBUG-STREAM] Processing node: write, has iteration_log: True, approved=False
[Write] wrote to /Users/yogyagamage/Documents/UdeM/Courses/Testing/project/eval/jooby/jooby/src/test/java/io/jooby/handler/RateLimitHandlerapply_ConsumptionProbegetNanosToWaitForRefillFikaTest.java
[DEBUG-STREAM] Processing node: validate_constraints, has iteration_log: True, approved=False
[Validate] PASSED - hard constraints satisfied
[DEBUG-STREAM] Processing node: run, has iteration_log: True, approved=False
[Run] feedback_chars=1461
[DEBUG-STREAM] Processing node: check_coverage, has iteration_log: True, approved=False
[Coverage] target 'io.github.bucket4j.ConsumptionProbe.getNanosToWaitForRefill()' covered=False
[DEBUG-STREAM] Processing node: decide, has iteration_log: True, approved=False
[Decide] approved=False (tests failed, will retry if iteration<5)
[DEBUG-STREAM] Processing node: generate, has iteration_log: True, approved=False
[Generate] produced 1816 chars
/Users/yogyagamage/Documents/UdeM/Courses/Testing/project/eval/jooby/jooby
[DEBUG-STREAM] Processing node: write, has iteration_log: True, approved=False
[Write] wrote to /Users/yogyagamage/Documents/UdeM/Courses/Testing/project/eval/jooby/jooby/src/test/java/io/jooby/handler/RateLimitHandlerapply_ConsumptionProbegetNanosToWaitForRefillFikaTest.java
[DEBUG-STREAM] Processing node: validate_constraints, has iteration_log: True, approved=False
[Validate] PASSED - hard constraints satisfied
[DEBUG-STREAM] Processing node: run, has iteration_log: True, approved=False
[Run] feedback_chars=4061
[DEBUG-STREAM] Processing node: check_coverage, has iteration_log: True, approved=False
[Coverage] target 'io.github.bucket4j.ConsumptionProbe.getNanosToWaitForRefill()' covered=True
[DEBUG-STREAM] Processing node: decide, has iteration_log: True, approved=True
[Decide] approved=True (tests passed AND target method covered)
[DEBUG-STREAM] Processing node: finalize, has iteration_log: True, approved=True
[Finalize] SUCCESS: Test passed and target method covered

[DEBUG] Stream completed. final_state is set
[DEBUG] final_state keys: ['repo_root', 'mvn_cmd', 'max_iterations', 'run_only_generated_test', 'entryPoint', 'thirdPartyMethod', 'directCaller', 'path', 'methodSources', 'constructors', 'setters', 'fieldDeclarations', 'imports', 'testTemplate', 'conditionCount', 'callCount', 'covered', 'test_package', 'test_class_name', 'iteration', 'java_source', 'last_run_output', 'last_exit_code', 'success', 'approved', 'test_rel_path', 'trace', 'target_method_covered', 'coverage_total_lines', 'coverage_error', 'path_coverage_details', 'iteration_log', 'last_prompt']
[DEBUG] approved (after bool()) = True
✓ Test approved at iteration 2
  JSON path: /Users/yogyagamage/Documents/UdeM/Courses/Testing/project/eval/jooby/jooby/third_party_apis_full_methods.json
  Looking for thirdPartyMethod: io.github.bucket4j.ConsumptionProbe.getNanosToWaitForRefill()
  Looking for directCaller: io.jooby.handler.RateLimitHandler.apply(io.jooby.Context)
[DEBUG]   ✓ MATCH FOUND at path 9
✓ Updated 1 record(s) in JSON file as covered
  Third Party Method: io.github.bucket4j.ConsumptionProbe.getNanosToWaitForRefill()
  Direct Caller: io.jooby.handler.RateLimitHandler.apply(io.jooby.Context)

================================================================================
PROCESSING TEST CASE 11/35
================================================================================
Entry Point: io.jooby.Jooby.getTmpdir()
Third Party Method: com.typesafe.config.Config.getString(java.lang.String)
================================================================================

[DEBUG-STREAM] Processing node: generate, has iteration_log: True, approved=False
[Generate] produced 9612 chars
/Users/yogyagamage/Documents/UdeM/Courses/Testing/project/eval/jooby/jooby
[DEBUG-STREAM] Processing node: write, has iteration_log: True, approved=False
[Write] wrote to /Users/yogyagamage/Documents/UdeM/Courses/Testing/project/eval/jooby/jooby/src/test/java/io/jooby/JoobygetTmpdir_ConfiggetStringFikaTest.java
[DEBUG-STREAM] Processing node: validate_constraints, has iteration_log: True, approved=False
[Validate] FAILED - hard constraints violated
[DEBUG-STREAM] Processing node: decide, has iteration_log: True, approved=False
[Decide] approved=False (hard constraint violation, will retry if iteration<5)
[DEBUG-STREAM] Processing node: generate, has iteration_log: True, approved=False
[Generate] produced 6608 chars
/Users/yogyagamage/Documents/UdeM/Courses/Testing/project/eval/jooby/jooby
[DEBUG-STREAM] Processing node: write, has iteration_log: True, approved=False
[Write] wrote to /Users/yogyagamage/Documents/UdeM/Courses/Testing/project/eval/jooby/jooby/src/test/java/io/jooby/JoobygetTmpdir_ConfiggetStringFikaTest.java
[DEBUG-STREAM] Processing node: validate_constraints, has iteration_log: True, approved=False
[Validate] FAILED - hard constraints violated
[DEBUG-STREAM] Processing node: decide, has iteration_log: True, approved=False
[Decide] approved=False (hard constraint violation, will retry if iteration<5)
[DEBUG-STREAM] Processing node: generate, has iteration_log: True, approved=False
[Generate] produced 4354 chars
/Users/yogyagamage/Documents/UdeM/Courses/Testing/project/eval/jooby/jooby
[DEBUG-STREAM] Processing node: write, has iteration_log: True, approved=False
[Write] wrote to /Users/yogyagamage/Documents/UdeM/Courses/Testing/project/eval/jooby/jooby/src/test/java/io/jooby/JoobygetTmpdir_ConfiggetStringFikaTest.java
[DEBUG-STREAM] Processing node: validate_constraints, has iteration_log: True, approved=False
[Validate] FAILED - hard constraints violated
[DEBUG-STREAM] Processing node: decide, has iteration_log: True, approved=False
[Decide] approved=False (hard constraint violation, will retry if iteration<5)
[DEBUG-STREAM] Processing node: generate, has iteration_log: True, approved=False
[Generate] produced 7208 chars
/Users/yogyagamage/Documents/UdeM/Courses/Testing/project/eval/jooby/jooby
[DEBUG-STREAM] Processing node: write, has iteration_log: True, approved=False
[Write] wrote to /Users/yogyagamage/Documents/UdeM/Courses/Testing/project/eval/jooby/jooby/src/test/java/io/jooby/JoobygetTmpdir_ConfiggetStringFikaTest.java
[DEBUG-STREAM] Processing node: validate_constraints, has iteration_log: True, approved=False
[Validate] PASSED - hard constraints satisfied
[DEBUG-STREAM] Processing node: run, has iteration_log: True, approved=False
[Run] feedback_chars=890
[DEBUG-STREAM] Processing node: check_coverage, has iteration_log: True, approved=False
[Coverage] target 'com.typesafe.config.Config.getString(java.lang.String)' covered=False
[DEBUG-STREAM] Processing node: decide, has iteration_log: True, approved=False
[Decide] approved=False (tests failed, will retry if iteration<5)
[DEBUG-STREAM] Processing node: generate, has iteration_log: True, approved=False
[Generate] produced 6804 chars
/Users/yogyagamage/Documents/UdeM/Courses/Testing/project/eval/jooby/jooby
[DEBUG-STREAM] Processing node: write, has iteration_log: True, approved=False
[Write] wrote to /Users/yogyagamage/Documents/UdeM/Courses/Testing/project/eval/jooby/jooby/src/test/java/io/jooby/JoobygetTmpdir_ConfiggetStringFikaTest.java
[DEBUG-STREAM] Processing node: validate_constraints, has iteration_log: True, approved=False
[Validate] FAILED - hard constraints violated
[DEBUG-STREAM] Processing node: decide, has iteration_log: True, approved=False
[Decide] approved=False (hard constraint violation, will retry if iteration<5)
[DEBUG-STREAM] Processing node: finalize, has iteration_log: True, approved=False
[Finalize] Cleaned up unsuccessful test file: /Users/yogyagamage/Documents/UdeM/Courses/Testing/project/eval/jooby/jooby/src/test/java/io/jooby/JoobygetTmpdir_ConfiggetStringFikaTest.java

[DEBUG] Stream completed. final_state is set
[DEBUG] final_state keys: ['repo_root', 'mvn_cmd', 'max_iterations', 'run_only_generated_test', 'entryPoint', 'thirdPartyMethod', 'directCaller', 'path', 'methodSources', 'constructors', 'setters', 'fieldDeclarations', 'imports', 'testTemplate', 'conditionCount', 'callCount', 'covered', 'test_package', 'test_class_name', 'iteration', 'java_source', 'last_run_output', 'last_exit_code', 'success', 'approved', 'test_rel_path', 'trace', 'target_method_covered', 'coverage_total_lines', 'coverage_error', 'path_coverage_details', 'iteration_log', 'last_prompt']
[DEBUG] approved (after bool()) = False

=== FAILURE REASON ===
Tests failed to compile or run successfully


================================================================================
PROCESSING TEST CASE 12/35
================================================================================
Entry Point: io.jooby.Environment.defaults()
Third Party Method: com.typesafe.config.ConfigFactory.parseMap(java.util.Map, java.lang.String)
================================================================================

[DEBUG-STREAM] Processing node: generate, has iteration_log: True, approved=False
[Generate] produced 909 chars
/Users/yogyagamage/Documents/UdeM/Courses/Testing/project/eval/jooby/jooby
[DEBUG-STREAM] Processing node: write, has iteration_log: True, approved=False
[Write] wrote to /Users/yogyagamage/Documents/UdeM/Courses/Testing/project/eval/jooby/jooby/src/test/java/io/jooby/Environmentdefaults_ConfigFactoryparseMapFikaTest.java
[DEBUG-STREAM] Processing node: validate_constraints, has iteration_log: True, approved=False
[Validate] PASSED - hard constraints satisfied
[DEBUG-STREAM] Processing node: run, has iteration_log: True, approved=False
[Run] feedback_chars=4005
[DEBUG-STREAM] Processing node: check_coverage, has iteration_log: True, approved=False
[Coverage] target 'com.typesafe.config.ConfigFactory.parseMap(java.util.Map, java.lang.String)' covered=True
[DEBUG-STREAM] Processing node: decide, has iteration_log: True, approved=True
[Decide] approved=True (tests passed AND target method covered)
[DEBUG-STREAM] Processing node: finalize, has iteration_log: True, approved=True
[Finalize] SUCCESS: Test passed and target method covered

[DEBUG] Stream completed. final_state is set
[DEBUG] final_state keys: ['repo_root', 'mvn_cmd', 'max_iterations', 'run_only_generated_test', 'entryPoint', 'thirdPartyMethod', 'directCaller', 'path', 'methodSources', 'constructors', 'setters', 'fieldDeclarations', 'imports', 'testTemplate', 'conditionCount', 'callCount', 'covered', 'test_package', 'test_class_name', 'iteration', 'java_source', 'last_run_output', 'last_exit_code', 'success', 'approved', 'test_rel_path', 'trace', 'target_method_covered', 'coverage_total_lines', 'coverage_error', 'path_coverage_details', 'iteration_log', 'last_prompt']
[DEBUG] approved (after bool()) = True
✓ Test approved at iteration 1
  JSON path: /Users/yogyagamage/Documents/UdeM/Courses/Testing/project/eval/jooby/jooby/third_party_apis_full_methods.json
  Looking for thirdPartyMethod: com.typesafe.config.ConfigFactory.parseMap(java.util.Map, java.lang.String)
  Looking for directCaller: io.jooby.Environment.defaults()
[DEBUG]   ✓ MATCH FOUND at path 11
✓ Updated 1 record(s) in JSON file as covered
  Third Party Method: com.typesafe.config.ConfigFactory.parseMap(java.util.Map, java.lang.String)
  Direct Caller: io.jooby.Environment.defaults()

================================================================================
PROCESSING TEST CASE 13/35
================================================================================
Entry Point: io.jooby.handler.RateLimitHandler.apply(io.jooby.Context)
Third Party Method: io.github.bucket4j.ConsumptionProbe.isConsumed()
================================================================================

[DEBUG-STREAM] Processing node: generate, has iteration_log: True, approved=False
[Generate] produced 1692 chars
/Users/yogyagamage/Documents/UdeM/Courses/Testing/project/eval/jooby/jooby
[DEBUG-STREAM] Processing node: write, has iteration_log: True, approved=False
[Write] wrote to /Users/yogyagamage/Documents/UdeM/Courses/Testing/project/eval/jooby/jooby/src/test/java/io/jooby/handler/RateLimitHandlerapply_ConsumptionProbeisConsumedFikaTest.java
[DEBUG-STREAM] Processing node: validate_constraints, has iteration_log: True, approved=False
[Validate] PASSED - hard constraints satisfied
[DEBUG-STREAM] Processing node: run, has iteration_log: True, approved=False
[Run] feedback_chars=4035
[DEBUG-STREAM] Processing node: check_coverage, has iteration_log: True, approved=False
[Coverage] target 'io.github.bucket4j.ConsumptionProbe.isConsumed()' covered=True
[DEBUG-STREAM] Processing node: decide, has iteration_log: True, approved=True
[Decide] approved=True (tests passed AND target method covered)
[DEBUG-STREAM] Processing node: finalize, has iteration_log: True, approved=True
[Finalize] SUCCESS: Test passed and target method covered

[DEBUG] Stream completed. final_state is set
[DEBUG] final_state keys: ['repo_root', 'mvn_cmd', 'max_iterations', 'run_only_generated_test', 'entryPoint', 'thirdPartyMethod', 'directCaller', 'path', 'methodSources', 'constructors', 'setters', 'fieldDeclarations', 'imports', 'testTemplate', 'conditionCount', 'callCount', 'covered', 'test_package', 'test_class_name', 'iteration', 'java_source', 'last_run_output', 'last_exit_code', 'success', 'approved', 'test_rel_path', 'trace', 'target_method_covered', 'coverage_total_lines', 'coverage_error', 'path_coverage_details', 'iteration_log', 'last_prompt']
[DEBUG] approved (after bool()) = True
✓ Test approved at iteration 1
  JSON path: /Users/yogyagamage/Documents/UdeM/Courses/Testing/project/eval/jooby/jooby/third_party_apis_full_methods.json
  Looking for thirdPartyMethod: io.github.bucket4j.ConsumptionProbe.isConsumed()
  Looking for directCaller: io.jooby.handler.RateLimitHandler.apply(io.jooby.Context)
[DEBUG]   ✓ MATCH FOUND at path 12
✓ Updated 1 record(s) in JSON file as covered
  Third Party Method: io.github.bucket4j.ConsumptionProbe.isConsumed()
  Direct Caller: io.jooby.handler.RateLimitHandler.apply(io.jooby.Context)

================================================================================
PROCESSING TEST CASE 14/35
================================================================================
Entry Point: io.jooby.Environment.getProperty(java.lang.String)
Third Party Method: com.typesafe.config.Config.getString(java.lang.String)
================================================================================

[DEBUG-STREAM] Processing node: generate, has iteration_log: True, approved=False
[Generate] produced 680 chars
/Users/yogyagamage/Documents/UdeM/Courses/Testing/project/eval/jooby/jooby
[DEBUG-STREAM] Processing node: write, has iteration_log: True, approved=False
[Write] wrote to /Users/yogyagamage/Documents/UdeM/Courses/Testing/project/eval/jooby/jooby/src/test/java/io/jooby/EnvironmentgetProperty_ConfiggetStringFikaTest2.java
[DEBUG-STREAM] Processing node: validate_constraints, has iteration_log: True, approved=False
[Validate] PASSED - hard constraints satisfied
[DEBUG-STREAM] Processing node: run, has iteration_log: True, approved=False
[Run] feedback_chars=4001
[DEBUG-STREAM] Processing node: check_coverage, has iteration_log: True, approved=False
[Coverage] target 'com.typesafe.config.Config.getString(java.lang.String)' covered=True
[DEBUG-STREAM] Processing node: decide, has iteration_log: True, approved=True
[Decide] approved=True (tests passed AND target method covered)
[DEBUG-STREAM] Processing node: finalize, has iteration_log: True, approved=True
[Finalize] SUCCESS: Test passed and target method covered

[DEBUG] Stream completed. final_state is set
[DEBUG] final_state keys: ['repo_root', 'mvn_cmd', 'max_iterations', 'run_only_generated_test', 'entryPoint', 'thirdPartyMethod', 'directCaller', 'path', 'methodSources', 'constructors', 'setters', 'fieldDeclarations', 'imports', 'testTemplate', 'conditionCount', 'callCount', 'covered', 'test_package', 'test_class_name', 'iteration', 'java_source', 'last_run_output', 'last_exit_code', 'success', 'approved', 'test_rel_path', 'trace', 'target_method_covered', 'coverage_total_lines', 'coverage_error', 'path_coverage_details', 'iteration_log', 'last_prompt']
[DEBUG] approved (after bool()) = True
✓ Test approved at iteration 1
  JSON path: /Users/yogyagamage/Documents/UdeM/Courses/Testing/project/eval/jooby/jooby/third_party_apis_full_methods.json
  Looking for thirdPartyMethod: com.typesafe.config.Config.getString(java.lang.String)
  Looking for directCaller: io.jooby.Environment.getProperty(java.lang.String)
[DEBUG]   ✓ MATCH FOUND at path 13
✓ Updated 1 record(s) in JSON file as covered
  Third Party Method: com.typesafe.config.Config.getString(java.lang.String)
  Direct Caller: io.jooby.Environment.getProperty(java.lang.String)

================================================================================
PROCESSING TEST CASE 15/35
================================================================================
Entry Point: io.jooby.Environment.getProperties(java.lang.String, java.lang.String)
Third Party Method: com.typesafe.config.Config.getConfig(java.lang.String)
================================================================================

[DEBUG-STREAM] Processing node: generate, has iteration_log: True, approved=False
[Generate] produced 684 chars
/Users/yogyagamage/Documents/UdeM/Courses/Testing/project/eval/jooby/jooby
[DEBUG-STREAM] Processing node: write, has iteration_log: True, approved=False
[Write] wrote to /Users/yogyagamage/Documents/UdeM/Courses/Testing/project/eval/jooby/jooby/src/test/java/io/jooby/EnvironmentgetProperties_ConfiggetConfigFikaTest.java
[DEBUG-STREAM] Processing node: validate_constraints, has iteration_log: True, approved=False
[Validate] FAILED - hard constraints violated
[DEBUG-STREAM] Processing node: decide, has iteration_log: True, approved=False
[Decide] approved=False (hard constraint violation, will retry if iteration<5)
[DEBUG-STREAM] Processing node: generate, has iteration_log: True, approved=False
[Generate] produced 721 chars
/Users/yogyagamage/Documents/UdeM/Courses/Testing/project/eval/jooby/jooby
[DEBUG-STREAM] Processing node: write, has iteration_log: True, approved=False
[Write] wrote to /Users/yogyagamage/Documents/UdeM/Courses/Testing/project/eval/jooby/jooby/src/test/java/io/jooby/EnvironmentgetProperties_ConfiggetConfigFikaTest.java
[DEBUG-STREAM] Processing node: validate_constraints, has iteration_log: True, approved=False
[Validate] PASSED - hard constraints satisfied
[DEBUG-STREAM] Processing node: run, has iteration_log: True, approved=False
[Run] feedback_chars=4003
[DEBUG-STREAM] Processing node: check_coverage, has iteration_log: True, approved=False
[Coverage] target 'com.typesafe.config.Config.getConfig(java.lang.String)' covered=True
[DEBUG-STREAM] Processing node: decide, has iteration_log: True, approved=True
[Decide] approved=True (tests passed AND target method covered)
[DEBUG-STREAM] Processing node: finalize, has iteration_log: True, approved=True
[Finalize] SUCCESS: Test passed and target method covered

[DEBUG] Stream completed. final_state is set
[DEBUG] final_state keys: ['repo_root', 'mvn_cmd', 'max_iterations', 'run_only_generated_test', 'entryPoint', 'thirdPartyMethod', 'directCaller', 'path', 'methodSources', 'constructors', 'setters', 'fieldDeclarations', 'imports', 'testTemplate', 'conditionCount', 'callCount', 'covered', 'test_package', 'test_class_name', 'iteration', 'java_source', 'last_run_output', 'last_exit_code', 'success', 'approved', 'test_rel_path', 'trace', 'target_method_covered', 'coverage_total_lines', 'coverage_error', 'path_coverage_details', 'iteration_log', 'last_prompt']
[DEBUG] approved (after bool()) = True
✓ Test approved at iteration 2
  JSON path: /Users/yogyagamage/Documents/UdeM/Courses/Testing/project/eval/jooby/jooby/third_party_apis_full_methods.json
  Looking for thirdPartyMethod: com.typesafe.config.Config.getConfig(java.lang.String)
  Looking for directCaller: io.jooby.Environment.getProperties(java.lang.String, java.lang.String)
[DEBUG]   ✓ MATCH FOUND at path 14
✓ Updated 1 record(s) in JSON file as covered
  Third Party Method: com.typesafe.config.Config.getConfig(java.lang.String)
  Direct Caller: io.jooby.Environment.getProperties(java.lang.String, java.lang.String)

================================================================================
PROCESSING TEST CASE 16/35
================================================================================
Entry Point: io.jooby.Jooby.ready(io.jooby.Server)
Third Party Method: com.typesafe.config.Config.getAnyRef(java.lang.String)
================================================================================

[DEBUG-STREAM] Processing node: generate, has iteration_log: True, approved=False
[Generate] produced 1739 chars
/Users/yogyagamage/Documents/UdeM/Courses/Testing/project/eval/jooby/jooby
[DEBUG-STREAM] Processing node: write, has iteration_log: True, approved=False
[Write] wrote to /Users/yogyagamage/Documents/UdeM/Courses/Testing/project/eval/jooby/jooby/src/test/java/io/jooby/Joobyready_ConfiggetAnyRefFikaTest.java
[DEBUG-STREAM] Processing node: validate_constraints, has iteration_log: True, approved=False
[Validate] PASSED - hard constraints satisfied
[DEBUG-STREAM] Processing node: run, has iteration_log: True, approved=False
[Run] feedback_chars=4161
[DEBUG-STREAM] Processing node: check_coverage, has iteration_log: True, approved=False
[Coverage] target 'com.typesafe.config.Config.getAnyRef(java.lang.String)' covered=True
[DEBUG-STREAM] Processing node: decide, has iteration_log: True, approved=True
[Decide] approved=True (tests passed AND target method covered)
[DEBUG-STREAM] Processing node: finalize, has iteration_log: True, approved=True
[Finalize] SUCCESS: Test passed and target method covered

[DEBUG] Stream completed. final_state is set
[DEBUG] final_state keys: ['repo_root', 'mvn_cmd', 'max_iterations', 'run_only_generated_test', 'entryPoint', 'thirdPartyMethod', 'directCaller', 'path', 'methodSources', 'constructors', 'setters', 'fieldDeclarations', 'imports', 'testTemplate', 'conditionCount', 'callCount', 'covered', 'test_package', 'test_class_name', 'iteration', 'java_source', 'last_run_output', 'last_exit_code', 'success', 'approved', 'test_rel_path', 'trace', 'target_method_covered', 'coverage_total_lines', 'coverage_error', 'path_coverage_details', 'iteration_log', 'last_prompt']
[DEBUG] approved (after bool()) = True
✓ Test approved at iteration 1
  JSON path: /Users/yogyagamage/Documents/UdeM/Courses/Testing/project/eval/jooby/jooby/third_party_apis_full_methods.json
  Looking for thirdPartyMethod: com.typesafe.config.Config.getAnyRef(java.lang.String)
  Looking for directCaller: io.jooby.Jooby.ready(io.jooby.Server)
[DEBUG]   ✓ MATCH FOUND at path 15
✓ Updated 1 record(s) in JSON file as covered
  Third Party Method: com.typesafe.config.Config.getAnyRef(java.lang.String)
  Direct Caller: io.jooby.Jooby.ready(io.jooby.Server)

================================================================================
PROCESSING TEST CASE 17/35
================================================================================
Entry Point: io.jooby.Jooby.ready(io.jooby.Server)
Third Party Method: com.typesafe.config.Config.hasPath(java.lang.String)
================================================================================

[DEBUG-STREAM] Processing node: generate, has iteration_log: True, approved=False
[Generate] produced 1350 chars
/Users/yogyagamage/Documents/UdeM/Courses/Testing/project/eval/jooby/jooby
[DEBUG-STREAM] Processing node: write, has iteration_log: True, approved=False
[Write] wrote to /Users/yogyagamage/Documents/UdeM/Courses/Testing/project/eval/jooby/jooby/src/test/java/io/jooby/Joobyready_ConfighasPathFikaTest.java
[DEBUG-STREAM] Processing node: validate_constraints, has iteration_log: True, approved=False
[Validate] PASSED - hard constraints satisfied
[DEBUG-STREAM] Processing node: run, has iteration_log: True, approved=False
[Run] feedback_chars=1244
[DEBUG-STREAM] Processing node: check_coverage, has iteration_log: True, approved=False
[Coverage] target 'com.typesafe.config.Config.hasPath(java.lang.String)' covered=False
[DEBUG-STREAM] Processing node: decide, has iteration_log: True, approved=False
[Decide] approved=False (tests failed, will retry if iteration<5)
[DEBUG-STREAM] Processing node: generate, has iteration_log: True, approved=False
[Generate] produced 1458 chars
/Users/yogyagamage/Documents/UdeM/Courses/Testing/project/eval/jooby/jooby
[DEBUG-STREAM] Processing node: write, has iteration_log: True, approved=False
[Write] wrote to /Users/yogyagamage/Documents/UdeM/Courses/Testing/project/eval/jooby/jooby/src/test/java/io/jooby/Joobyready_ConfighasPathFikaTest.java
[DEBUG-STREAM] Processing node: validate_constraints, has iteration_log: True, approved=False
[Validate] PASSED - hard constraints satisfied
[DEBUG-STREAM] Processing node: run, has iteration_log: True, approved=False
[Run] feedback_chars=4157
[DEBUG-STREAM] Processing node: check_coverage, has iteration_log: True, approved=False
[Coverage] target 'com.typesafe.config.Config.hasPath(java.lang.String)' covered=True
[DEBUG-STREAM] Processing node: decide, has iteration_log: True, approved=True
[Decide] approved=True (tests passed AND target method covered)
[DEBUG-STREAM] Processing node: finalize, has iteration_log: True, approved=True
[Finalize] SUCCESS: Test passed and target method covered

[DEBUG] Stream completed. final_state is set
[DEBUG] final_state keys: ['repo_root', 'mvn_cmd', 'max_iterations', 'run_only_generated_test', 'entryPoint', 'thirdPartyMethod', 'directCaller', 'path', 'methodSources', 'constructors', 'setters', 'fieldDeclarations', 'imports', 'testTemplate', 'conditionCount', 'callCount', 'covered', 'test_package', 'test_class_name', 'iteration', 'java_source', 'last_run_output', 'last_exit_code', 'success', 'approved', 'test_rel_path', 'trace', 'target_method_covered', 'coverage_total_lines', 'coverage_error', 'path_coverage_details', 'iteration_log', 'last_prompt']
[DEBUG] approved (after bool()) = True
✓ Test approved at iteration 2
  JSON path: /Users/yogyagamage/Documents/UdeM/Courses/Testing/project/eval/jooby/jooby/third_party_apis_full_methods.json
  Looking for thirdPartyMethod: com.typesafe.config.Config.hasPath(java.lang.String)
  Looking for directCaller: io.jooby.Jooby.ready(io.jooby.Server)
[DEBUG]   ✓ MATCH FOUND at path 16
✓ Updated 1 record(s) in JSON file as covered
  Third Party Method: com.typesafe.config.Config.hasPath(java.lang.String)
  Direct Caller: io.jooby.Jooby.ready(io.jooby.Server)

================================================================================
PROCESSING TEST CASE 18/35
================================================================================
Entry Point: io.jooby.problem.ProblemDetailsHandler.from(com.typesafe.config.Config)
Third Party Method: com.typesafe.config.Config.getConfig(java.lang.String)
================================================================================

[DEBUG-STREAM] Processing node: generate, has iteration_log: True, approved=False
[Generate] produced 554 chars
/Users/yogyagamage/Documents/UdeM/Courses/Testing/project/eval/jooby/jooby
[DEBUG-STREAM] Processing node: write, has iteration_log: True, approved=False
[Write] wrote to /Users/yogyagamage/Documents/UdeM/Courses/Testing/project/eval/jooby/jooby/src/test/java/io/jooby/problem/ProblemDetailsHandlerfrom_ConfiggetConfigFikaTest.java
[DEBUG-STREAM] Processing node: validate_constraints, has iteration_log: True, approved=False
[Validate] PASSED - hard constraints satisfied
[DEBUG-STREAM] Processing node: run, has iteration_log: True, approved=False
[Run] feedback_chars=4021
[DEBUG-STREAM] Processing node: check_coverage, has iteration_log: True, approved=False
[Coverage] target 'com.typesafe.config.Config.getConfig(java.lang.String)' covered=True
[DEBUG-STREAM] Processing node: decide, has iteration_log: True, approved=True
[Decide] approved=True (tests passed AND target method covered)
[DEBUG-STREAM] Processing node: finalize, has iteration_log: True, approved=True
[Finalize] SUCCESS: Test passed and target method covered

[DEBUG] Stream completed. final_state is set
[DEBUG] final_state keys: ['repo_root', 'mvn_cmd', 'max_iterations', 'run_only_generated_test', 'entryPoint', 'thirdPartyMethod', 'directCaller', 'path', 'methodSources', 'constructors', 'setters', 'fieldDeclarations', 'imports', 'testTemplate', 'conditionCount', 'callCount', 'covered', 'test_package', 'test_class_name', 'iteration', 'java_source', 'last_run_output', 'last_exit_code', 'success', 'approved', 'test_rel_path', 'trace', 'target_method_covered', 'coverage_total_lines', 'coverage_error', 'path_coverage_details', 'iteration_log', 'last_prompt']
[DEBUG] approved (after bool()) = True
✓ Test approved at iteration 1
  JSON path: /Users/yogyagamage/Documents/UdeM/Courses/Testing/project/eval/jooby/jooby/third_party_apis_full_methods.json
  Looking for thirdPartyMethod: com.typesafe.config.Config.getConfig(java.lang.String)
  Looking for directCaller: io.jooby.problem.ProblemDetailsHandler.from(com.typesafe.config.Config)
[DEBUG]   ✓ MATCH FOUND at path 17
✓ Updated 1 record(s) in JSON file as covered
  Third Party Method: com.typesafe.config.Config.getConfig(java.lang.String)
  Direct Caller: io.jooby.problem.ProblemDetailsHandler.from(com.typesafe.config.Config)

================================================================================
PROCESSING TEST CASE 19/35
================================================================================
Entry Point: io.jooby.problem.ProblemDetailsHandler.from(com.typesafe.config.Config)
Third Party Method: com.typesafe.config.Config.getIntList(java.lang.String)
================================================================================

[DEBUG-STREAM] Processing node: generate, has iteration_log: True, approved=False
[Generate] produced 515 chars
/Users/yogyagamage/Documents/UdeM/Courses/Testing/project/eval/jooby/jooby
[DEBUG-STREAM] Processing node: write, has iteration_log: True, approved=False
[Write] wrote to /Users/yogyagamage/Documents/UdeM/Courses/Testing/project/eval/jooby/jooby/src/test/java/io/jooby/problem/ProblemDetailsHandlerfrom_ConfiggetIntListFikaTest.java
[DEBUG-STREAM] Processing node: validate_constraints, has iteration_log: True, approved=False
[Validate] PASSED - hard constraints satisfied
[DEBUG-STREAM] Processing node: run, has iteration_log: True, approved=False
[Run] feedback_chars=4023
[DEBUG-STREAM] Processing node: check_coverage, has iteration_log: True, approved=False
[Coverage] target 'com.typesafe.config.Config.getIntList(java.lang.String)' covered=True
[DEBUG-STREAM] Processing node: decide, has iteration_log: True, approved=True
[Decide] approved=True (tests passed AND target method covered)
[DEBUG-STREAM] Processing node: finalize, has iteration_log: True, approved=True
[Finalize] SUCCESS: Test passed and target method covered

[DEBUG] Stream completed. final_state is set
[DEBUG] final_state keys: ['repo_root', 'mvn_cmd', 'max_iterations', 'run_only_generated_test', 'entryPoint', 'thirdPartyMethod', 'directCaller', 'path', 'methodSources', 'constructors', 'setters', 'fieldDeclarations', 'imports', 'testTemplate', 'conditionCount', 'callCount', 'covered', 'test_package', 'test_class_name', 'iteration', 'java_source', 'last_run_output', 'last_exit_code', 'success', 'approved', 'test_rel_path', 'trace', 'target_method_covered', 'coverage_total_lines', 'coverage_error', 'path_coverage_details', 'iteration_log', 'last_prompt']
[DEBUG] approved (after bool()) = True
✓ Test approved at iteration 1
  JSON path: /Users/yogyagamage/Documents/UdeM/Courses/Testing/project/eval/jooby/jooby/third_party_apis_full_methods.json
  Looking for thirdPartyMethod: com.typesafe.config.Config.getIntList(java.lang.String)
  Looking for directCaller: io.jooby.problem.ProblemDetailsHandler.from(com.typesafe.config.Config)
[DEBUG]   ✓ MATCH FOUND at path 18
✓ Updated 1 record(s) in JSON file as covered
  Third Party Method: com.typesafe.config.Config.getIntList(java.lang.String)
  Direct Caller: io.jooby.problem.ProblemDetailsHandler.from(com.typesafe.config.Config)

================================================================================
PROCESSING TEST CASE 20/35
================================================================================
Entry Point: io.jooby.problem.ProblemDetailsHandler.from(com.typesafe.config.Config)
Third Party Method: com.typesafe.config.Config.hasPath(java.lang.String)
================================================================================

[DEBUG-STREAM] Processing node: generate, has iteration_log: True, approved=False
[Generate] produced 365 chars
/Users/yogyagamage/Documents/UdeM/Courses/Testing/project/eval/jooby/jooby
[DEBUG-STREAM] Processing node: write, has iteration_log: True, approved=False
[Write] wrote to /Users/yogyagamage/Documents/UdeM/Courses/Testing/project/eval/jooby/jooby/src/test/java/io/jooby/problem/ProblemDetailsHandlerfrom_ConfighasPathFikaTest.java
[DEBUG-STREAM] Processing node: validate_constraints, has iteration_log: True, approved=False
[Validate] PASSED - hard constraints satisfied
[DEBUG-STREAM] Processing node: run, has iteration_log: True, approved=False
[Run] feedback_chars=4017
[DEBUG-STREAM] Processing node: check_coverage, has iteration_log: True, approved=False
[Coverage] target 'com.typesafe.config.Config.hasPath(java.lang.String)' covered=True
[DEBUG-STREAM] Processing node: decide, has iteration_log: True, approved=True
[Decide] approved=True (tests passed AND target method covered)
[DEBUG-STREAM] Processing node: finalize, has iteration_log: True, approved=True
[Finalize] SUCCESS: Test passed and target method covered

[DEBUG] Stream completed. final_state is set
[DEBUG] final_state keys: ['repo_root', 'mvn_cmd', 'max_iterations', 'run_only_generated_test', 'entryPoint', 'thirdPartyMethod', 'directCaller', 'path', 'methodSources', 'constructors', 'setters', 'fieldDeclarations', 'imports', 'testTemplate', 'conditionCount', 'callCount', 'covered', 'test_package', 'test_class_name', 'iteration', 'java_source', 'last_run_output', 'last_exit_code', 'success', 'approved', 'test_rel_path', 'trace', 'target_method_covered', 'coverage_total_lines', 'coverage_error', 'path_coverage_details', 'iteration_log', 'last_prompt']
[DEBUG] approved (after bool()) = True
✓ Test approved at iteration 1
  JSON path: /Users/yogyagamage/Documents/UdeM/Courses/Testing/project/eval/jooby/jooby/third_party_apis_full_methods.json
  Looking for thirdPartyMethod: com.typesafe.config.Config.hasPath(java.lang.String)
  Looking for directCaller: io.jooby.problem.ProblemDetailsHandler.from(com.typesafe.config.Config)
[DEBUG]   ✓ MATCH FOUND at path 19
✓ Updated 1 record(s) in JSON file as covered
  Third Party Method: com.typesafe.config.Config.hasPath(java.lang.String)
  Direct Caller: io.jooby.problem.ProblemDetailsHandler.from(com.typesafe.config.Config)

================================================================================
PROCESSING TEST CASE 21/35
================================================================================
Entry Point: io.jooby.problem.ProblemDetailsHandler.from(com.typesafe.config.Config)
Third Party Method: com.typesafe.config.Config.getBoolean(java.lang.String)
================================================================================

[DEBUG-STREAM] Processing node: generate, has iteration_log: True, approved=False
[Generate] produced 468 chars
/Users/yogyagamage/Documents/UdeM/Courses/Testing/project/eval/jooby/jooby
[DEBUG-STREAM] Processing node: write, has iteration_log: True, approved=False
[Write] wrote to /Users/yogyagamage/Documents/UdeM/Courses/Testing/project/eval/jooby/jooby/src/test/java/io/jooby/problem/ProblemDetailsHandlerfrom_ConfiggetBooleanFikaTest.java
[DEBUG-STREAM] Processing node: validate_constraints, has iteration_log: True, approved=False
[Validate] PASSED - hard constraints satisfied
[DEBUG-STREAM] Processing node: run, has iteration_log: True, approved=False
[Run] feedback_chars=4023
[DEBUG-STREAM] Processing node: check_coverage, has iteration_log: True, approved=False
[Coverage] target 'com.typesafe.config.Config.getBoolean(java.lang.String)' covered=True
[DEBUG-STREAM] Processing node: decide, has iteration_log: True, approved=True
[Decide] approved=True (tests passed AND target method covered)
[DEBUG-STREAM] Processing node: finalize, has iteration_log: True, approved=True
[Finalize] SUCCESS: Test passed and target method covered

[DEBUG] Stream completed. final_state is set
[DEBUG] final_state keys: ['repo_root', 'mvn_cmd', 'max_iterations', 'run_only_generated_test', 'entryPoint', 'thirdPartyMethod', 'directCaller', 'path', 'methodSources', 'constructors', 'setters', 'fieldDeclarations', 'imports', 'testTemplate', 'conditionCount', 'callCount', 'covered', 'test_package', 'test_class_name', 'iteration', 'java_source', 'last_run_output', 'last_exit_code', 'success', 'approved', 'test_rel_path', 'trace', 'target_method_covered', 'coverage_total_lines', 'coverage_error', 'path_coverage_details', 'iteration_log', 'last_prompt']
[DEBUG] approved (after bool()) = True
✓ Test approved at iteration 1
  JSON path: /Users/yogyagamage/Documents/UdeM/Courses/Testing/project/eval/jooby/jooby/third_party_apis_full_methods.json
  Looking for thirdPartyMethod: com.typesafe.config.Config.getBoolean(java.lang.String)
  Looking for directCaller: io.jooby.problem.ProblemDetailsHandler.from(com.typesafe.config.Config)
[DEBUG]   ✓ MATCH FOUND at path 20
✓ Updated 1 record(s) in JSON file as covered
  Third Party Method: com.typesafe.config.Config.getBoolean(java.lang.String)
  Direct Caller: io.jooby.problem.ProblemDetailsHandler.from(com.typesafe.config.Config)

================================================================================
PROCESSING TEST CASE 22/35
================================================================================
Entry Point: io.jooby.problem.ProblemDetailsHandler.from(com.typesafe.config.Config)
Third Party Method: com.typesafe.config.Config.getStringList(java.lang.String)
================================================================================

[DEBUG-STREAM] Processing node: generate, has iteration_log: True, approved=False
[Generate] produced 729 chars
/Users/yogyagamage/Documents/UdeM/Courses/Testing/project/eval/jooby/jooby
[DEBUG-STREAM] Processing node: write, has iteration_log: True, approved=False
[Write] wrote to /Users/yogyagamage/Documents/UdeM/Courses/Testing/project/eval/jooby/jooby/src/test/java/io/jooby/problem/ProblemDetailsHandlerfrom_ConfiggetStringListFikaTest.java
[DEBUG-STREAM] Processing node: validate_constraints, has iteration_log: True, approved=False
[Validate] PASSED - hard constraints satisfied
[DEBUG-STREAM] Processing node: run, has iteration_log: True, approved=False
[Run] feedback_chars=1435
[DEBUG-STREAM] Processing node: check_coverage, has iteration_log: True, approved=False
[Coverage] target 'com.typesafe.config.Config.getStringList(java.lang.String)' covered=False
[DEBUG-STREAM] Processing node: decide, has iteration_log: True, approved=False
[Decide] approved=False (tests failed, will retry if iteration<5)
[DEBUG-STREAM] Processing node: generate, has iteration_log: True, approved=False
[Generate] produced 573 chars
/Users/yogyagamage/Documents/UdeM/Courses/Testing/project/eval/jooby/jooby
[DEBUG-STREAM] Processing node: write, has iteration_log: True, approved=False
[Write] wrote to /Users/yogyagamage/Documents/UdeM/Courses/Testing/project/eval/jooby/jooby/src/test/java/io/jooby/problem/ProblemDetailsHandlerfrom_ConfiggetStringListFikaTest.java
[DEBUG-STREAM] Processing node: validate_constraints, has iteration_log: True, approved=False
[Validate] PASSED - hard constraints satisfied
[DEBUG-STREAM] Processing node: run, has iteration_log: True, approved=False
[Run] feedback_chars=4029
[DEBUG-STREAM] Processing node: check_coverage, has iteration_log: True, approved=False
[Coverage] target 'com.typesafe.config.Config.getStringList(java.lang.String)' covered=True
[DEBUG-STREAM] Processing node: decide, has iteration_log: True, approved=True
[Decide] approved=True (tests passed AND target method covered)
[DEBUG-STREAM] Processing node: finalize, has iteration_log: True, approved=True
[Finalize] SUCCESS: Test passed and target method covered

[DEBUG] Stream completed. final_state is set
[DEBUG] final_state keys: ['repo_root', 'mvn_cmd', 'max_iterations', 'run_only_generated_test', 'entryPoint', 'thirdPartyMethod', 'directCaller', 'path', 'methodSources', 'constructors', 'setters', 'fieldDeclarations', 'imports', 'testTemplate', 'conditionCount', 'callCount', 'covered', 'test_package', 'test_class_name', 'iteration', 'java_source', 'last_run_output', 'last_exit_code', 'success', 'approved', 'test_rel_path', 'trace', 'target_method_covered', 'coverage_total_lines', 'coverage_error', 'path_coverage_details', 'iteration_log', 'last_prompt']
[DEBUG] approved (after bool()) = True
✓ Test approved at iteration 2
  JSON path: /Users/yogyagamage/Documents/UdeM/Courses/Testing/project/eval/jooby/jooby/third_party_apis_full_methods.json
  Looking for thirdPartyMethod: com.typesafe.config.Config.getStringList(java.lang.String)
  Looking for directCaller: io.jooby.problem.ProblemDetailsHandler.from(com.typesafe.config.Config)
[DEBUG]   ✓ MATCH FOUND at path 21
✓ Updated 1 record(s) in JSON file as covered
  Third Party Method: com.typesafe.config.Config.getStringList(java.lang.String)
  Direct Caller: io.jooby.problem.ProblemDetailsHandler.from(com.typesafe.config.Config)

================================================================================
PROCESSING TEST CASE 23/35
================================================================================
Entry Point: io.jooby.Environment.loadEnvironment(io.jooby.EnvironmentOptions)
Third Party Method: com.typesafe.config.Config.getString(java.lang.String)
================================================================================

[DEBUG-STREAM] Processing node: generate, has iteration_log: True, approved=False
[Generate] produced 3296 chars
/Users/yogyagamage/Documents/UdeM/Courses/Testing/project/eval/jooby/jooby
[DEBUG-STREAM] Processing node: write, has iteration_log: True, approved=False
[Write] wrote to /Users/yogyagamage/Documents/UdeM/Courses/Testing/project/eval/jooby/jooby/src/test/java/io/jooby/EnvironmentloadEnvironment_ConfiggetStringFikaTest.java
[DEBUG-STREAM] Processing node: validate_constraints, has iteration_log: True, approved=False
[Validate] PASSED - hard constraints satisfied
[DEBUG-STREAM] Processing node: run, has iteration_log: True, approved=False
[Run] feedback_chars=4007
[DEBUG-STREAM] Processing node: check_coverage, has iteration_log: True, approved=False
[Coverage] target 'com.typesafe.config.Config.getString(java.lang.String)' covered=True
[DEBUG-STREAM] Processing node: decide, has iteration_log: True, approved=True
[Decide] approved=True (tests passed AND target method covered)
[DEBUG-STREAM] Processing node: finalize, has iteration_log: True, approved=True
[Finalize] SUCCESS: Test passed and target method covered

[DEBUG] Stream completed. final_state is set
[DEBUG] final_state keys: ['repo_root', 'mvn_cmd', 'max_iterations', 'run_only_generated_test', 'entryPoint', 'thirdPartyMethod', 'directCaller', 'path', 'methodSources', 'constructors', 'setters', 'fieldDeclarations', 'imports', 'testTemplate', 'conditionCount', 'callCount', 'covered', 'test_package', 'test_class_name', 'iteration', 'java_source', 'last_run_output', 'last_exit_code', 'success', 'approved', 'test_rel_path', 'trace', 'target_method_covered', 'coverage_total_lines', 'coverage_error', 'path_coverage_details', 'iteration_log', 'last_prompt']
[DEBUG] approved (after bool()) = True
✓ Test approved at iteration 1
  JSON path: /Users/yogyagamage/Documents/UdeM/Courses/Testing/project/eval/jooby/jooby/third_party_apis_full_methods.json
  Looking for thirdPartyMethod: com.typesafe.config.Config.getString(java.lang.String)
  Looking for directCaller: io.jooby.Environment.loadEnvironment(io.jooby.EnvironmentOptions)
[DEBUG]   ✓ MATCH FOUND at path 22
✓ Updated 1 record(s) in JSON file as covered
  Third Party Method: com.typesafe.config.Config.getString(java.lang.String)
  Direct Caller: io.jooby.Environment.loadEnvironment(io.jooby.EnvironmentOptions)

================================================================================
PROCESSING TEST CASE 24/35
================================================================================
Entry Point: io.jooby.handler.Cors.from(com.typesafe.config.Config)
Third Party Method: com.typesafe.config.Config.getConfig(java.lang.String)
================================================================================

[DEBUG-STREAM] Processing node: generate, has iteration_log: True, approved=False
[Generate] produced 1126 chars
/Users/yogyagamage/Documents/UdeM/Courses/Testing/project/eval/jooby/jooby
[DEBUG-STREAM] Processing node: write, has iteration_log: True, approved=False
[Write] wrote to /Users/yogyagamage/Documents/UdeM/Courses/Testing/project/eval/jooby/jooby/src/test/java/io/jooby/handler/Corsfrom_ConfiggetConfigFikaTest.java
[DEBUG-STREAM] Processing node: validate_constraints, has iteration_log: True, approved=False
[Validate] PASSED - hard constraints satisfied
[DEBUG-STREAM] Processing node: run, has iteration_log: True, approved=False
[Run] feedback_chars=3987
[DEBUG-STREAM] Processing node: check_coverage, has iteration_log: True, approved=False
[Coverage] target 'com.typesafe.config.Config.getConfig(java.lang.String)' covered=True
[DEBUG-STREAM] Processing node: decide, has iteration_log: True, approved=True
[Decide] approved=True (tests passed AND target method covered)
[DEBUG-STREAM] Processing node: finalize, has iteration_log: True, approved=True
[Finalize] SUCCESS: Test passed and target method covered

[DEBUG] Stream completed. final_state is set
[DEBUG] final_state keys: ['repo_root', 'mvn_cmd', 'max_iterations', 'run_only_generated_test', 'entryPoint', 'thirdPartyMethod', 'directCaller', 'path', 'methodSources', 'constructors', 'setters', 'fieldDeclarations', 'imports', 'testTemplate', 'conditionCount', 'callCount', 'covered', 'test_package', 'test_class_name', 'iteration', 'java_source', 'last_run_output', 'last_exit_code', 'success', 'approved', 'test_rel_path', 'trace', 'target_method_covered', 'coverage_total_lines', 'coverage_error', 'path_coverage_details', 'iteration_log', 'last_prompt']
[DEBUG] approved (after bool()) = True
✓ Test approved at iteration 1
  JSON path: /Users/yogyagamage/Documents/UdeM/Courses/Testing/project/eval/jooby/jooby/third_party_apis_full_methods.json
  Looking for thirdPartyMethod: com.typesafe.config.Config.getConfig(java.lang.String)
  Looking for directCaller: io.jooby.handler.Cors.from(com.typesafe.config.Config)
[DEBUG]   ✓ MATCH FOUND at path 23
✓ Updated 1 record(s) in JSON file as covered
  Third Party Method: com.typesafe.config.Config.getConfig(java.lang.String)
  Direct Caller: io.jooby.handler.Cors.from(com.typesafe.config.Config)

================================================================================
PROCESSING TEST CASE 25/35
================================================================================
Entry Point: io.jooby.handler.Cors.from(com.typesafe.config.Config)
Third Party Method: com.typesafe.config.Config.getDuration(java.lang.String, java.util.concurrent.TimeUnit)
================================================================================

[DEBUG-STREAM] Processing node: generate, has iteration_log: True, approved=False
[Generate] produced 646 chars
/Users/yogyagamage/Documents/UdeM/Courses/Testing/project/eval/jooby/jooby
[DEBUG-STREAM] Processing node: write, has iteration_log: True, approved=False
[Write] wrote to /Users/yogyagamage/Documents/UdeM/Courses/Testing/project/eval/jooby/jooby/src/test/java/io/jooby/handler/Corsfrom_ConfiggetDurationFikaTest.java
[DEBUG-STREAM] Processing node: validate_constraints, has iteration_log: True, approved=False
[Validate] PASSED - hard constraints satisfied
[DEBUG-STREAM] Processing node: run, has iteration_log: True, approved=False
[Run] feedback_chars=3991
[DEBUG-STREAM] Processing node: check_coverage, has iteration_log: True, approved=False
[Coverage] target 'com.typesafe.config.Config.getDuration(java.lang.String, java.util.concurrent.TimeUnit)' covered=True
[DEBUG-STREAM] Processing node: decide, has iteration_log: True, approved=True
[Decide] approved=True (tests passed AND target method covered)
[DEBUG-STREAM] Processing node: finalize, has iteration_log: True, approved=True
[Finalize] SUCCESS: Test passed and target method covered

[DEBUG] Stream completed. final_state is set
[DEBUG] final_state keys: ['repo_root', 'mvn_cmd', 'max_iterations', 'run_only_generated_test', 'entryPoint', 'thirdPartyMethod', 'directCaller', 'path', 'methodSources', 'constructors', 'setters', 'fieldDeclarations', 'imports', 'testTemplate', 'conditionCount', 'callCount', 'covered', 'test_package', 'test_class_name', 'iteration', 'java_source', 'last_run_output', 'last_exit_code', 'success', 'approved', 'test_rel_path', 'trace', 'target_method_covered', 'coverage_total_lines', 'coverage_error', 'path_coverage_details', 'iteration_log', 'last_prompt']
[DEBUG] approved (after bool()) = True
✓ Test approved at iteration 1
  JSON path: /Users/yogyagamage/Documents/UdeM/Courses/Testing/project/eval/jooby/jooby/third_party_apis_full_methods.json
  Looking for thirdPartyMethod: com.typesafe.config.Config.getDuration(java.lang.String, java.util.concurrent.TimeUnit)
  Looking for directCaller: io.jooby.handler.Cors.from(com.typesafe.config.Config)
[DEBUG]   ✓ MATCH FOUND at path 24
✓ Updated 1 record(s) in JSON file as covered
  Third Party Method: com.typesafe.config.Config.getDuration(java.lang.String, java.util.concurrent.TimeUnit)
  Direct Caller: io.jooby.handler.Cors.from(com.typesafe.config.Config)

================================================================================
PROCESSING TEST CASE 26/35
================================================================================
Entry Point: io.jooby.handler.Cors.from(com.typesafe.config.Config)
Third Party Method: com.typesafe.config.Config.getBoolean(java.lang.String)
================================================================================

[DEBUG-STREAM] Processing node: generate, has iteration_log: True, approved=False
[Generate] produced 633 chars
/Users/yogyagamage/Documents/UdeM/Courses/Testing/project/eval/jooby/jooby
[DEBUG-STREAM] Processing node: write, has iteration_log: True, approved=False
[Write] wrote to /Users/yogyagamage/Documents/UdeM/Courses/Testing/project/eval/jooby/jooby/src/test/java/io/jooby/handler/Corsfrom_ConfiggetBooleanFikaTest.java
[DEBUG-STREAM] Processing node: validate_constraints, has iteration_log: True, approved=False
[Validate] PASSED - hard constraints satisfied
[DEBUG-STREAM] Processing node: run, has iteration_log: True, approved=False
[Run] feedback_chars=3989
[DEBUG-STREAM] Processing node: check_coverage, has iteration_log: True, approved=False
[Coverage] target 'com.typesafe.config.Config.getBoolean(java.lang.String)' covered=True
[DEBUG-STREAM] Processing node: decide, has iteration_log: True, approved=True
[Decide] approved=True (tests passed AND target method covered)
[DEBUG-STREAM] Processing node: finalize, has iteration_log: True, approved=True
[Finalize] SUCCESS: Test passed and target method covered

[DEBUG] Stream completed. final_state is set
[DEBUG] final_state keys: ['repo_root', 'mvn_cmd', 'max_iterations', 'run_only_generated_test', 'entryPoint', 'thirdPartyMethod', 'directCaller', 'path', 'methodSources', 'constructors', 'setters', 'fieldDeclarations', 'imports', 'testTemplate', 'conditionCount', 'callCount', 'covered', 'test_package', 'test_class_name', 'iteration', 'java_source', 'last_run_output', 'last_exit_code', 'success', 'approved', 'test_rel_path', 'trace', 'target_method_covered', 'coverage_total_lines', 'coverage_error', 'path_coverage_details', 'iteration_log', 'last_prompt']
[DEBUG] approved (after bool()) = True
✓ Test approved at iteration 1
  JSON path: /Users/yogyagamage/Documents/UdeM/Courses/Testing/project/eval/jooby/jooby/third_party_apis_full_methods.json
  Looking for thirdPartyMethod: com.typesafe.config.Config.getBoolean(java.lang.String)
  Looking for directCaller: io.jooby.handler.Cors.from(com.typesafe.config.Config)
[DEBUG]   ✓ MATCH FOUND at path 25
✓ Updated 1 record(s) in JSON file as covered
  Third Party Method: com.typesafe.config.Config.getBoolean(java.lang.String)
  Direct Caller: io.jooby.handler.Cors.from(com.typesafe.config.Config)

================================================================================
PROCESSING TEST CASE 27/35
================================================================================
Entry Point: io.jooby.ServerOptions.from(com.typesafe.config.Config)
Third Party Method: com.typesafe.config.Config.getMemorySize(java.lang.String)
================================================================================

[DEBUG-STREAM] Processing node: generate, has iteration_log: True, approved=False
[Generate] produced 542 chars
/Users/yogyagamage/Documents/UdeM/Courses/Testing/project/eval/jooby/jooby
[DEBUG-STREAM] Processing node: write, has iteration_log: True, approved=False
[Write] wrote to /Users/yogyagamage/Documents/UdeM/Courses/Testing/project/eval/jooby/jooby/src/test/java/io/jooby/ServerOptionsfrom_ConfiggetMemorySizeFikaTest.java
[DEBUG-STREAM] Processing node: validate_constraints, has iteration_log: True, approved=False
[Validate] PASSED - hard constraints satisfied
[DEBUG-STREAM] Processing node: run, has iteration_log: True, approved=False
[Run] feedback_chars=3997
[DEBUG-STREAM] Processing node: check_coverage, has iteration_log: True, approved=False
[Coverage] target 'com.typesafe.config.Config.getMemorySize(java.lang.String)' covered=True
[DEBUG-STREAM] Processing node: decide, has iteration_log: True, approved=True
[Decide] approved=True (tests passed AND target method covered)
[DEBUG-STREAM] Processing node: finalize, has iteration_log: True, approved=True
[Finalize] SUCCESS: Test passed and target method covered

[DEBUG] Stream completed. final_state is set
[DEBUG] final_state keys: ['repo_root', 'mvn_cmd', 'max_iterations', 'run_only_generated_test', 'entryPoint', 'thirdPartyMethod', 'directCaller', 'path', 'methodSources', 'constructors', 'setters', 'fieldDeclarations', 'imports', 'testTemplate', 'conditionCount', 'callCount', 'covered', 'test_package', 'test_class_name', 'iteration', 'java_source', 'last_run_output', 'last_exit_code', 'success', 'approved', 'test_rel_path', 'trace', 'target_method_covered', 'coverage_total_lines', 'coverage_error', 'path_coverage_details', 'iteration_log', 'last_prompt']
[DEBUG] approved (after bool()) = True
✓ Test approved at iteration 1
  JSON path: /Users/yogyagamage/Documents/UdeM/Courses/Testing/project/eval/jooby/jooby/third_party_apis_full_methods.json
  Looking for thirdPartyMethod: com.typesafe.config.Config.getMemorySize(java.lang.String)
  Looking for directCaller: io.jooby.ServerOptions.from(com.typesafe.config.Config)
[DEBUG]   ✓ MATCH FOUND at path 26
✓ Updated 1 record(s) in JSON file as covered
  Third Party Method: com.typesafe.config.Config.getMemorySize(java.lang.String)
  Direct Caller: io.jooby.ServerOptions.from(com.typesafe.config.Config)

================================================================================
PROCESSING TEST CASE 28/35
================================================================================
Entry Point: io.jooby.ServiceRegistry.mapOf(java.lang.Class, java.lang.Class)
Third Party Method: jakarta.inject.Provider.getClass()
================================================================================

[DEBUG-STREAM] Processing node: generate, has iteration_log: True, approved=False
[Generate] produced 502 chars
/Users/yogyagamage/Documents/UdeM/Courses/Testing/project/eval/jooby/jooby
[DEBUG-STREAM] Processing node: write, has iteration_log: True, approved=False
[Write] wrote to /Users/yogyagamage/Documents/UdeM/Courses/Testing/project/eval/jooby/jooby/src/test/java/io/jooby/ServiceRegistrymultiBinder_ProvidergetClassFikaTest.java
[DEBUG-STREAM] Processing node: validate_constraints, has iteration_log: True, approved=False
[Validate] FAILED - hard constraints violated
[DEBUG-STREAM] Processing node: decide, has iteration_log: True, approved=False
[Decide] approved=False (hard constraint violation, will retry if iteration<5)
[DEBUG-STREAM] Processing node: generate, has iteration_log: True, approved=False
[Generate] produced 2588 chars
/Users/yogyagamage/Documents/UdeM/Courses/Testing/project/eval/jooby/jooby
[DEBUG-STREAM] Processing node: write, has iteration_log: True, approved=False
[Write] wrote to /Users/yogyagamage/Documents/UdeM/Courses/Testing/project/eval/jooby/jooby/src/test/java/io/jooby/ServiceRegistrymultiBinder_ProvidergetClassFikaTest.java
[DEBUG-STREAM] Processing node: validate_constraints, has iteration_log: True, approved=False
[Validate] FAILED - hard constraints violated
[DEBUG-STREAM] Processing node: decide, has iteration_log: True, approved=False
[Decide] approved=False (hard constraint violation, will retry if iteration<5)
[DEBUG-STREAM] Processing node: generate, has iteration_log: True, approved=False
[Generate] produced 2542 chars
/Users/yogyagamage/Documents/UdeM/Courses/Testing/project/eval/jooby/jooby
[DEBUG-STREAM] Processing node: write, has iteration_log: True, approved=False
[Write] wrote to /Users/yogyagamage/Documents/UdeM/Courses/Testing/project/eval/jooby/jooby/src/test/java/io/jooby/ServiceRegistrymultiBinder_ProvidergetClassFikaTest.java
[DEBUG-STREAM] Processing node: validate_constraints, has iteration_log: True, approved=False
[Validate] PASSED - hard constraints satisfied
[DEBUG-STREAM] Processing node: run, has iteration_log: True, approved=False
[Run] feedback_chars=2716
[DEBUG-STREAM] Processing node: check_coverage, has iteration_log: True, approved=False
[Coverage] target 'jakarta.inject.Provider.getClass()' covered=False
[DEBUG-STREAM] Processing node: decide, has iteration_log: True, approved=False
[Decide] approved=False (tests failed, will retry if iteration<5)
[DEBUG-STREAM] Processing node: generate, has iteration_log: True, approved=False
[Generate] produced 1566 chars
/Users/yogyagamage/Documents/UdeM/Courses/Testing/project/eval/jooby/jooby
[DEBUG-STREAM] Processing node: write, has iteration_log: True, approved=False
[Write] wrote to /Users/yogyagamage/Documents/UdeM/Courses/Testing/project/eval/jooby/jooby/src/test/java/io/jooby/ServiceRegistrymultiBinder_ProvidergetClassFikaTest.java
[DEBUG-STREAM] Processing node: validate_constraints, has iteration_log: True, approved=False
[Validate] FAILED - hard constraints violated
[DEBUG-STREAM] Processing node: decide, has iteration_log: True, approved=False
[Decide] approved=False (hard constraint violation, will retry if iteration<5)
[DEBUG-STREAM] Processing node: generate, has iteration_log: True, approved=False
[Generate] produced 1663 chars
/Users/yogyagamage/Documents/UdeM/Courses/Testing/project/eval/jooby/jooby
[DEBUG-STREAM] Processing node: write, has iteration_log: True, approved=False
[Write] wrote to /Users/yogyagamage/Documents/UdeM/Courses/Testing/project/eval/jooby/jooby/src/test/java/io/jooby/ServiceRegistrymultiBinder_ProvidergetClassFikaTest.java
[DEBUG-STREAM] Processing node: validate_constraints, has iteration_log: True, approved=False
[Validate] FAILED - hard constraints violated
[DEBUG-STREAM] Processing node: decide, has iteration_log: True, approved=False
[Decide] approved=False (hard constraint violation, will retry if iteration<5)
[DEBUG-STREAM] Processing node: finalize, has iteration_log: True, approved=False
[Finalize] Cleaned up unsuccessful test file: /Users/yogyagamage/Documents/UdeM/Courses/Testing/project/eval/jooby/jooby/src/test/java/io/jooby/ServiceRegistrymultiBinder_ProvidergetClassFikaTest.java

[DEBUG] Stream completed. final_state is set
[DEBUG] final_state keys: ['repo_root', 'mvn_cmd', 'max_iterations', 'run_only_generated_test', 'entryPoint', 'thirdPartyMethod', 'directCaller', 'path', 'methodSources', 'constructors', 'setters', 'fieldDeclarations', 'imports', 'testTemplate', 'conditionCount', 'callCount', 'covered', 'test_package', 'test_class_name', 'iteration', 'java_source', 'last_run_output', 'last_exit_code', 'success', 'approved', 'test_rel_path', 'trace', 'target_method_covered', 'coverage_total_lines', 'coverage_error', 'path_coverage_details', 'iteration_log', 'last_prompt']
[DEBUG] approved (after bool()) = False

=== FAILURE REASON ===
Tests failed to compile or run successfully


================================================================================
PROCESSING TEST CASE 29/35
================================================================================
Entry Point: io.jooby.ServiceRegistry.setOf(io.jooby.Reified)
Third Party Method: jakarta.inject.Provider.getClass()
================================================================================

[DEBUG-STREAM] Processing node: generate, has iteration_log: True, approved=False
[Generate] produced 3145 chars
/Users/yogyagamage/Documents/UdeM/Courses/Testing/project/eval/jooby/jooby
[DEBUG-STREAM] Processing node: write, has iteration_log: True, approved=False
[Write] wrote to /Users/yogyagamage/Documents/UdeM/Courses/Testing/project/eval/jooby/jooby/src/test/java/io/jooby/ServiceRegistrymultiBinder_ProvidergetClassFikaTest2.java
[DEBUG-STREAM] Processing node: validate_constraints, has iteration_log: True, approved=False
[Validate] FAILED - hard constraints violated
[DEBUG-STREAM] Processing node: decide, has iteration_log: True, approved=False
[Decide] approved=False (hard constraint violation, will retry if iteration<5)
[DEBUG-STREAM] Processing node: generate, has iteration_log: True, approved=False
[Generate] produced 5973 chars
/Users/yogyagamage/Documents/UdeM/Courses/Testing/project/eval/jooby/jooby
[DEBUG-STREAM] Processing node: write, has iteration_log: True, approved=False
[Write] wrote to /Users/yogyagamage/Documents/UdeM/Courses/Testing/project/eval/jooby/jooby/src/test/java/io/jooby/ServiceRegistrymultiBinder_ProvidergetClassFikaTest2.java
[DEBUG-STREAM] Processing node: validate_constraints, has iteration_log: True, approved=False
[Validate] FAILED - hard constraints violated
[DEBUG-STREAM] Processing node: decide, has iteration_log: True, approved=False
[Decide] approved=False (hard constraint violation, will retry if iteration<5)
[DEBUG-STREAM] Processing node: generate, has iteration_log: True, approved=False
[Generate] produced 2475 chars
/Users/yogyagamage/Documents/UdeM/Courses/Testing/project/eval/jooby/jooby
[DEBUG-STREAM] Processing node: write, has iteration_log: True, approved=False
[Write] wrote to /Users/yogyagamage/Documents/UdeM/Courses/Testing/project/eval/jooby/jooby/src/test/java/io/jooby/ServiceRegistrymultiBinder_ProvidergetClassFikaTest2.java
[DEBUG-STREAM] Processing node: validate_constraints, has iteration_log: True, approved=False
[Validate] FAILED - hard constraints violated
[DEBUG-STREAM] Processing node: decide, has iteration_log: True, approved=False
[Decide] approved=False (hard constraint violation, will retry if iteration<5)
[DEBUG-STREAM] Processing node: generate, has iteration_log: True, approved=False
[Generate] produced 1994 chars
/Users/yogyagamage/Documents/UdeM/Courses/Testing/project/eval/jooby/jooby
[DEBUG-STREAM] Processing node: write, has iteration_log: True, approved=False
[Write] wrote to /Users/yogyagamage/Documents/UdeM/Courses/Testing/project/eval/jooby/jooby/src/test/java/io/jooby/ServiceRegistrymultiBinder_ProvidergetClassFikaTest2.java
[DEBUG-STREAM] Processing node: validate_constraints, has iteration_log: True, approved=False
[Validate] FAILED - hard constraints violated
[DEBUG-STREAM] Processing node: decide, has iteration_log: True, approved=False
[Decide] approved=False (hard constraint violation, will retry if iteration<5)
[DEBUG-STREAM] Processing node: generate, has iteration_log: True, approved=False
[Generate] produced 886 chars
/Users/yogyagamage/Documents/UdeM/Courses/Testing/project/eval/jooby/jooby
[DEBUG-STREAM] Processing node: write, has iteration_log: True, approved=False
[Write] wrote to /Users/yogyagamage/Documents/UdeM/Courses/Testing/project/eval/jooby/jooby/src/test/java/io/jooby/ServiceRegistrymultiBinder_ProvidergetClassFikaTest2.java
[DEBUG-STREAM] Processing node: validate_constraints, has iteration_log: True, approved=False
[Validate] FAILED - hard constraints violated
[DEBUG-STREAM] Processing node: decide, has iteration_log: True, approved=False
[Decide] approved=False (hard constraint violation, will retry if iteration<5)
[DEBUG-STREAM] Processing node: finalize, has iteration_log: True, approved=False
[Finalize] Cleaned up unsuccessful test file: /Users/yogyagamage/Documents/UdeM/Courses/Testing/project/eval/jooby/jooby/src/test/java/io/jooby/ServiceRegistrymultiBinder_ProvidergetClassFikaTest2.java

[DEBUG] Stream completed. final_state is set
[DEBUG] final_state keys: ['repo_root', 'mvn_cmd', 'max_iterations', 'run_only_generated_test', 'entryPoint', 'thirdPartyMethod', 'directCaller', 'path', 'methodSources', 'constructors', 'setters', 'fieldDeclarations', 'imports', 'testTemplate', 'conditionCount', 'callCount', 'covered', 'test_package', 'test_class_name', 'iteration', 'java_source', 'last_run_output', 'last_exit_code', 'success', 'approved', 'test_rel_path', 'trace', 'target_method_covered', 'coverage_total_lines', 'coverage_error', 'path_coverage_details', 'iteration_log', 'last_prompt']
[DEBUG] approved (after bool()) = False

=== FAILURE REASON ===
Tests failed to compile or run successfully


================================================================================
PROCESSING TEST CASE 30/35
================================================================================
Entry Point: io.jooby.ServiceRegistry.listOf(java.lang.Class)
Third Party Method: jakarta.inject.Provider.getClass()
================================================================================

[DEBUG-STREAM] Processing node: generate, has iteration_log: True, approved=False
[Generate] produced 1793 chars
/Users/yogyagamage/Documents/UdeM/Courses/Testing/project/eval/jooby/jooby
[DEBUG-STREAM] Processing node: write, has iteration_log: True, approved=False
[Write] wrote to /Users/yogyagamage/Documents/UdeM/Courses/Testing/project/eval/jooby/jooby/src/test/java/io/jooby/ServiceRegistrymultiBinder_ProvidergetClassFikaTest3.java
[DEBUG-STREAM] Processing node: validate_constraints, has iteration_log: True, approved=False
[Validate] FAILED - hard constraints violated
[DEBUG-STREAM] Processing node: decide, has iteration_log: True, approved=False
[Decide] approved=False (hard constraint violation, will retry if iteration<5)
[DEBUG-STREAM] Processing node: generate, has iteration_log: True, approved=False
[Generate] produced 2946 chars
/Users/yogyagamage/Documents/UdeM/Courses/Testing/project/eval/jooby/jooby
[DEBUG-STREAM] Processing node: write, has iteration_log: True, approved=False
[Write] wrote to /Users/yogyagamage/Documents/UdeM/Courses/Testing/project/eval/jooby/jooby/src/test/java/io/jooby/ServiceRegistrymultiBinder_ProvidergetClassFikaTest3.java
[DEBUG-STREAM] Processing node: validate_constraints, has iteration_log: True, approved=False
[Validate] PASSED - hard constraints satisfied
[DEBUG-STREAM] Processing node: run, has iteration_log: True, approved=False
[Run] feedback_chars=599
[DEBUG-STREAM] Processing node: check_coverage, has iteration_log: True, approved=False
[Coverage] target 'jakarta.inject.Provider.getClass()' covered=False
[DEBUG-STREAM] Processing node: decide, has iteration_log: True, approved=False
[Decide] approved=False (tests failed, will retry if iteration<5)
[DEBUG-STREAM] Processing node: generate, has iteration_log: True, approved=False
[Generate] produced 2915 chars
/Users/yogyagamage/Documents/UdeM/Courses/Testing/project/eval/jooby/jooby
[DEBUG-STREAM] Processing node: write, has iteration_log: True, approved=False
[Write] wrote to /Users/yogyagamage/Documents/UdeM/Courses/Testing/project/eval/jooby/jooby/src/test/java/io/jooby/ServiceRegistrymultiBinder_ProvidergetClassFikaTest3.java
[DEBUG-STREAM] Processing node: validate_constraints, has iteration_log: True, approved=False
[Validate] FAILED - hard constraints violated
[DEBUG-STREAM] Processing node: decide, has iteration_log: True, approved=False
[Decide] approved=False (hard constraint violation, will retry if iteration<5)
[DEBUG-STREAM] Processing node: generate, has iteration_log: True, approved=False
[Generate] produced 2126 chars
/Users/yogyagamage/Documents/UdeM/Courses/Testing/project/eval/jooby/jooby
[DEBUG-STREAM] Processing node: write, has iteration_log: True, approved=False
[Write] wrote to /Users/yogyagamage/Documents/UdeM/Courses/Testing/project/eval/jooby/jooby/src/test/java/io/jooby/ServiceRegistrymultiBinder_ProvidergetClassFikaTest3.java
[DEBUG-STREAM] Processing node: validate_constraints, has iteration_log: True, approved=False
[Validate] PASSED - hard constraints satisfied
[DEBUG-STREAM] Processing node: run, has iteration_log: True, approved=False
[Run] feedback_chars=599
[DEBUG-STREAM] Processing node: check_coverage, has iteration_log: True, approved=False
[Coverage] target 'jakarta.inject.Provider.getClass()' covered=False
[DEBUG-STREAM] Processing node: decide, has iteration_log: True, approved=False
[Decide] approved=False (tests failed, will retry if iteration<5)
[DEBUG-STREAM] Processing node: generate, has iteration_log: True, approved=False
[Generate] produced 785 chars
/Users/yogyagamage/Documents/UdeM/Courses/Testing/project/eval/jooby/jooby
[DEBUG-STREAM] Processing node: write, has iteration_log: True, approved=False
[Write] wrote to /Users/yogyagamage/Documents/UdeM/Courses/Testing/project/eval/jooby/jooby/src/test/java/io/jooby/ServiceRegistrymultiBinder_ProvidergetClassFikaTest3.java
[DEBUG-STREAM] Processing node: validate_constraints, has iteration_log: True, approved=False
[Validate] FAILED - hard constraints violated
[DEBUG-STREAM] Processing node: decide, has iteration_log: True, approved=False
[Decide] approved=False (hard constraint violation, will retry if iteration<5)
[DEBUG-STREAM] Processing node: finalize, has iteration_log: True, approved=False
[Finalize] Cleaned up unsuccessful test file: /Users/yogyagamage/Documents/UdeM/Courses/Testing/project/eval/jooby/jooby/src/test/java/io/jooby/ServiceRegistrymultiBinder_ProvidergetClassFikaTest3.java

[DEBUG] Stream completed. final_state is set
[DEBUG] final_state keys: ['repo_root', 'mvn_cmd', 'max_iterations', 'run_only_generated_test', 'entryPoint', 'thirdPartyMethod', 'directCaller', 'path', 'methodSources', 'constructors', 'setters', 'fieldDeclarations', 'imports', 'testTemplate', 'conditionCount', 'callCount', 'covered', 'test_package', 'test_class_name', 'iteration', 'java_source', 'last_run_output', 'last_exit_code', 'success', 'approved', 'test_rel_path', 'trace', 'target_method_covered', 'coverage_total_lines', 'coverage_error', 'path_coverage_details', 'iteration_log', 'last_prompt']
[DEBUG] approved (after bool()) = False

=== FAILURE REASON ===
Tests failed to compile or run successfully


================================================================================
PROCESSING TEST CASE 31/35
================================================================================
Entry Point: io.jooby.ServiceRegistry.mapOf(java.lang.Class, io.jooby.Reified)
Third Party Method: jakarta.inject.Provider.getClass()
================================================================================

[DEBUG-STREAM] Processing node: generate, has iteration_log: True, approved=False
[Generate] produced 582 chars
/Users/yogyagamage/Documents/UdeM/Courses/Testing/project/eval/jooby/jooby
[DEBUG-STREAM] Processing node: write, has iteration_log: True, approved=False
[Write] wrote to /Users/yogyagamage/Documents/UdeM/Courses/Testing/project/eval/jooby/jooby/src/test/java/io/jooby/ServiceRegistrymultiBinder_ProvidergetClassFikaTest4.java
[DEBUG-STREAM] Processing node: validate_constraints, has iteration_log: True, approved=False
[Validate] FAILED - hard constraints violated
[DEBUG-STREAM] Processing node: decide, has iteration_log: True, approved=False
[Decide] approved=False (hard constraint violation, will retry if iteration<5)
[DEBUG-STREAM] Processing node: generate, has iteration_log: True, approved=False
[Generate] produced 2605 chars
/Users/yogyagamage/Documents/UdeM/Courses/Testing/project/eval/jooby/jooby
[DEBUG-STREAM] Processing node: write, has iteration_log: True, approved=False
[Write] wrote to /Users/yogyagamage/Documents/UdeM/Courses/Testing/project/eval/jooby/jooby/src/test/java/io/jooby/ServiceRegistrymultiBinder_ProvidergetClassFikaTest4.java
[DEBUG-STREAM] Processing node: validate_constraints, has iteration_log: True, approved=False
[Validate] FAILED - hard constraints violated
[DEBUG-STREAM] Processing node: decide, has iteration_log: True, approved=False
[Decide] approved=False (hard constraint violation, will retry if iteration<5)
[DEBUG-STREAM] Processing node: generate, has iteration_log: True, approved=False
[Generate] produced 1388 chars
/Users/yogyagamage/Documents/UdeM/Courses/Testing/project/eval/jooby/jooby
[DEBUG-STREAM] Processing node: write, has iteration_log: True, approved=False
[Write] wrote to /Users/yogyagamage/Documents/UdeM/Courses/Testing/project/eval/jooby/jooby/src/test/java/io/jooby/ServiceRegistrymultiBinder_ProvidergetClassFikaTest4.java
[DEBUG-STREAM] Processing node: validate_constraints, has iteration_log: True, approved=False
[Validate] FAILED - hard constraints violated
[DEBUG-STREAM] Processing node: decide, has iteration_log: True, approved=False
[Decide] approved=False (hard constraint violation, will retry if iteration<5)
[DEBUG-STREAM] Processing node: generate, has iteration_log: True, approved=False
[Generate] produced 1762 chars
/Users/yogyagamage/Documents/UdeM/Courses/Testing/project/eval/jooby/jooby
[DEBUG-STREAM] Processing node: write, has iteration_log: True, approved=False
[Write] wrote to /Users/yogyagamage/Documents/UdeM/Courses/Testing/project/eval/jooby/jooby/src/test/java/io/jooby/ServiceRegistrymultiBinder_ProvidergetClassFikaTest4.java
[DEBUG-STREAM] Processing node: validate_constraints, has iteration_log: True, approved=False
[Validate] FAILED - hard constraints violated
[DEBUG-STREAM] Processing node: decide, has iteration_log: True, approved=False
[Decide] approved=False (hard constraint violation, will retry if iteration<5)
[DEBUG-STREAM] Processing node: generate, has iteration_log: True, approved=False
[Generate] produced 2091 chars
/Users/yogyagamage/Documents/UdeM/Courses/Testing/project/eval/jooby/jooby
[DEBUG-STREAM] Processing node: write, has iteration_log: True, approved=False
[Write] wrote to /Users/yogyagamage/Documents/UdeM/Courses/Testing/project/eval/jooby/jooby/src/test/java/io/jooby/ServiceRegistrymultiBinder_ProvidergetClassFikaTest4.java
[DEBUG-STREAM] Processing node: validate_constraints, has iteration_log: True, approved=False
[Validate] FAILED - hard constraints violated
[DEBUG-STREAM] Processing node: decide, has iteration_log: True, approved=False
[Decide] approved=False (hard constraint violation, will retry if iteration<5)
[DEBUG-STREAM] Processing node: finalize, has iteration_log: True, approved=False
[Finalize] Cleaned up unsuccessful test file: /Users/yogyagamage/Documents/UdeM/Courses/Testing/project/eval/jooby/jooby/src/test/java/io/jooby/ServiceRegistrymultiBinder_ProvidergetClassFikaTest4.java

[DEBUG] Stream completed. final_state is set
[DEBUG] final_state keys: ['repo_root', 'mvn_cmd', 'max_iterations', 'run_only_generated_test', 'entryPoint', 'thirdPartyMethod', 'directCaller', 'path', 'methodSources', 'constructors', 'setters', 'fieldDeclarations', 'imports', 'testTemplate', 'conditionCount', 'callCount', 'covered', 'test_package', 'test_class_name', 'iteration', 'java_source', 'last_run_output', 'last_exit_code', 'success', 'approved', 'test_rel_path', 'trace', 'target_method_covered', 'coverage_total_lines', 'coverage_error', 'path_coverage_details', 'iteration_log', 'last_prompt']
[DEBUG] approved (after bool()) = False

=== FAILURE REASON ===
Tests failed to compile or run successfully


================================================================================
PROCESSING TEST CASE 32/35
================================================================================
Entry Point: io.jooby.ServiceRegistry.setOf(java.lang.Class)
Third Party Method: jakarta.inject.Provider.getClass()
================================================================================

[DEBUG-STREAM] Processing node: generate, has iteration_log: True, approved=False
[Generate] produced 968 chars
/Users/yogyagamage/Documents/UdeM/Courses/Testing/project/eval/jooby/jooby
[DEBUG-STREAM] Processing node: write, has iteration_log: True, approved=False
[Write] wrote to /Users/yogyagamage/Documents/UdeM/Courses/Testing/project/eval/jooby/jooby/src/test/java/io/jooby/ServiceRegistrymultiBinder_ProvidergetClassFikaTest5.java
[DEBUG-STREAM] Processing node: validate_constraints, has iteration_log: True, approved=False
[Validate] FAILED - hard constraints violated
[DEBUG-STREAM] Processing node: decide, has iteration_log: True, approved=False
[Decide] approved=False (hard constraint violation, will retry if iteration<5)
[DEBUG-STREAM] Processing node: generate, has iteration_log: True, approved=False
[Generate] produced 814 chars
/Users/yogyagamage/Documents/UdeM/Courses/Testing/project/eval/jooby/jooby
[DEBUG-STREAM] Processing node: write, has iteration_log: True, approved=False
[Write] wrote to /Users/yogyagamage/Documents/UdeM/Courses/Testing/project/eval/jooby/jooby/src/test/java/io/jooby/ServiceRegistrymultiBinder_ProvidergetClassFikaTest5.java
[DEBUG-STREAM] Processing node: validate_constraints, has iteration_log: True, approved=False
[Validate] FAILED - hard constraints violated
[DEBUG-STREAM] Processing node: decide, has iteration_log: True, approved=False
[Decide] approved=False (hard constraint violation, will retry if iteration<5)
[DEBUG-STREAM] Processing node: generate, has iteration_log: True, approved=False
[Generate] produced 2511 chars
/Users/yogyagamage/Documents/UdeM/Courses/Testing/project/eval/jooby/jooby
[DEBUG-STREAM] Processing node: write, has iteration_log: True, approved=False
[Write] wrote to /Users/yogyagamage/Documents/UdeM/Courses/Testing/project/eval/jooby/jooby/src/test/java/io/jooby/ServiceRegistrymultiBinder_ProvidergetClassFikaTest5.java
[DEBUG-STREAM] Processing node: validate_constraints, has iteration_log: True, approved=False
[Validate] FAILED - hard constraints violated
[DEBUG-STREAM] Processing node: decide, has iteration_log: True, approved=False
[Decide] approved=False (hard constraint violation, will retry if iteration<5)
[DEBUG-STREAM] Processing node: generate, has iteration_log: True, approved=False
[Generate] produced 3245 chars
/Users/yogyagamage/Documents/UdeM/Courses/Testing/project/eval/jooby/jooby
[DEBUG-STREAM] Processing node: write, has iteration_log: True, approved=False
[Write] wrote to /Users/yogyagamage/Documents/UdeM/Courses/Testing/project/eval/jooby/jooby/src/test/java/io/jooby/ServiceRegistrymultiBinder_ProvidergetClassFikaTest5.java
[DEBUG-STREAM] Processing node: validate_constraints, has iteration_log: True, approved=False
[Validate] FAILED - hard constraints violated
[DEBUG-STREAM] Processing node: decide, has iteration_log: True, approved=False
[Decide] approved=False (hard constraint violation, will retry if iteration<5)
[DEBUG-STREAM] Processing node: generate, has iteration_log: True, approved=False
[Generate] produced 2594 chars
/Users/yogyagamage/Documents/UdeM/Courses/Testing/project/eval/jooby/jooby
[DEBUG-STREAM] Processing node: write, has iteration_log: True, approved=False
[Write] wrote to /Users/yogyagamage/Documents/UdeM/Courses/Testing/project/eval/jooby/jooby/src/test/java/io/jooby/ServiceRegistrymultiBinder_ProvidergetClassFikaTest5.java
[DEBUG-STREAM] Processing node: validate_constraints, has iteration_log: True, approved=False
[Validate] FAILED - hard constraints violated
[DEBUG-STREAM] Processing node: decide, has iteration_log: True, approved=False
[Decide] approved=False (hard constraint violation, will retry if iteration<5)
[DEBUG-STREAM] Processing node: finalize, has iteration_log: True, approved=False
[Finalize] Cleaned up unsuccessful test file: /Users/yogyagamage/Documents/UdeM/Courses/Testing/project/eval/jooby/jooby/src/test/java/io/jooby/ServiceRegistrymultiBinder_ProvidergetClassFikaTest5.java

[DEBUG] Stream completed. final_state is set
[DEBUG] final_state keys: ['repo_root', 'mvn_cmd', 'max_iterations', 'run_only_generated_test', 'entryPoint', 'thirdPartyMethod', 'directCaller', 'path', 'methodSources', 'constructors', 'setters', 'fieldDeclarations', 'imports', 'testTemplate', 'conditionCount', 'callCount', 'covered', 'test_package', 'test_class_name', 'iteration', 'java_source', 'last_run_output', 'last_exit_code', 'success', 'approved', 'test_rel_path', 'trace', 'target_method_covered', 'coverage_total_lines', 'coverage_error', 'path_coverage_details', 'iteration_log', 'last_prompt']
[DEBUG] approved (after bool()) = False

=== FAILURE REASON ===
Tests failed to compile or run successfully


================================================================================
PROCESSING TEST CASE 33/35
================================================================================
Entry Point: io.jooby.ServiceRegistry.listOf(io.jooby.Reified)
Third Party Method: jakarta.inject.Provider.getClass()
================================================================================

[DEBUG-STREAM] Processing node: generate, has iteration_log: True, approved=False
[Generate] produced 3508 chars
/Users/yogyagamage/Documents/UdeM/Courses/Testing/project/eval/jooby/jooby
[DEBUG-STREAM] Processing node: write, has iteration_log: True, approved=False
[Write] wrote to /Users/yogyagamage/Documents/UdeM/Courses/Testing/project/eval/jooby/jooby/src/test/java/io/jooby/ServiceRegistrymultiBinder_ProvidergetClassFikaTest6.java
[DEBUG-STREAM] Processing node: validate_constraints, has iteration_log: True, approved=False
[Validate] FAILED - hard constraints violated
[DEBUG-STREAM] Processing node: decide, has iteration_log: True, approved=False
[Decide] approved=False (hard constraint violation, will retry if iteration<5)
[DEBUG-STREAM] Processing node: generate, has iteration_log: True, approved=False
[Generate] produced 1474 chars
/Users/yogyagamage/Documents/UdeM/Courses/Testing/project/eval/jooby/jooby
[DEBUG-STREAM] Processing node: write, has iteration_log: True, approved=False
[Write] wrote to /Users/yogyagamage/Documents/UdeM/Courses/Testing/project/eval/jooby/jooby/src/test/java/io/jooby/ServiceRegistrymultiBinder_ProvidergetClassFikaTest6.java
[DEBUG-STREAM] Processing node: validate_constraints, has iteration_log: True, approved=False
[Validate] FAILED - hard constraints violated
[DEBUG-STREAM] Processing node: decide, has iteration_log: True, approved=False
[Decide] approved=False (hard constraint violation, will retry if iteration<5)
[DEBUG-STREAM] Processing node: generate, has iteration_log: True, approved=False
[Generate] produced 2260 chars
/Users/yogyagamage/Documents/UdeM/Courses/Testing/project/eval/jooby/jooby
[DEBUG-STREAM] Processing node: write, has iteration_log: True, approved=False
[Write] wrote to /Users/yogyagamage/Documents/UdeM/Courses/Testing/project/eval/jooby/jooby/src/test/java/io/jooby/ServiceRegistrymultiBinder_ProvidergetClassFikaTest6.java
[DEBUG-STREAM] Processing node: validate_constraints, has iteration_log: True, approved=False
[Validate] PASSED - hard constraints satisfied
[DEBUG-STREAM] Processing node: run, has iteration_log: True, approved=False
[Run] feedback_chars=2370
[DEBUG-STREAM] Processing node: check_coverage, has iteration_log: True, approved=False
[Coverage] target 'jakarta.inject.Provider.getClass()' covered=False
[DEBUG-STREAM] Processing node: decide, has iteration_log: True, approved=False
[Decide] approved=False (tests failed, will retry if iteration<5)
[DEBUG-STREAM] Processing node: generate, has iteration_log: True, approved=False
[Generate] produced 3492 chars
/Users/yogyagamage/Documents/UdeM/Courses/Testing/project/eval/jooby/jooby
[DEBUG-STREAM] Processing node: write, has iteration_log: True, approved=False
[Write] wrote to /Users/yogyagamage/Documents/UdeM/Courses/Testing/project/eval/jooby/jooby/src/test/java/io/jooby/ServiceRegistrymultiBinder_ProvidergetClassFikaTest6.java
[DEBUG-STREAM] Processing node: validate_constraints, has iteration_log: True, approved=False
[Validate] FAILED - hard constraints violated
[DEBUG-STREAM] Processing node: decide, has iteration_log: True, approved=False
[Decide] approved=False (hard constraint violation, will retry if iteration<5)
[DEBUG-STREAM] Processing node: generate, has iteration_log: True, approved=False
[Generate] produced 2935 chars
/Users/yogyagamage/Documents/UdeM/Courses/Testing/project/eval/jooby/jooby
[DEBUG-STREAM] Processing node: write, has iteration_log: True, approved=False
[Write] wrote to /Users/yogyagamage/Documents/UdeM/Courses/Testing/project/eval/jooby/jooby/src/test/java/io/jooby/ServiceRegistrymultiBinder_ProvidergetClassFikaTest6.java
[DEBUG-STREAM] Processing node: validate_constraints, has iteration_log: True, approved=False
[Validate] PASSED - hard constraints satisfied
[DEBUG-STREAM] Processing node: run, has iteration_log: True, approved=False
[Run] feedback_chars=1731
[DEBUG-STREAM] Processing node: check_coverage, has iteration_log: True, approved=False
[Coverage] target 'jakarta.inject.Provider.getClass()' covered=False
[DEBUG-STREAM] Processing node: decide, has iteration_log: True, approved=False
[Decide] approved=False (tests failed, will retry if iteration<5)
[DEBUG-STREAM] Processing node: finalize, has iteration_log: True, approved=False
[Finalize] Cleaned up unsuccessful test file: /Users/yogyagamage/Documents/UdeM/Courses/Testing/project/eval/jooby/jooby/src/test/java/io/jooby/ServiceRegistrymultiBinder_ProvidergetClassFikaTest6.java

[DEBUG] Stream completed. final_state is set
[DEBUG] final_state keys: ['repo_root', 'mvn_cmd', 'max_iterations', 'run_only_generated_test', 'entryPoint', 'thirdPartyMethod', 'directCaller', 'path', 'methodSources', 'constructors', 'setters', 'fieldDeclarations', 'imports', 'testTemplate', 'conditionCount', 'callCount', 'covered', 'test_package', 'test_class_name', 'iteration', 'java_source', 'last_run_output', 'last_exit_code', 'success', 'approved', 'test_rel_path', 'trace', 'target_method_covered', 'coverage_total_lines', 'coverage_error', 'path_coverage_details', 'iteration_log', 'last_prompt']
[DEBUG] approved (after bool()) = False

=== FAILURE REASON ===
Tests failed to compile or run successfully


================================================================================
PROCESSING TEST CASE 34/35
================================================================================
Entry Point: io.jooby.Environment.loadEnvironment(io.jooby.EnvironmentOptions)
Third Party Method: com.typesafe.config.ConfigFactory.parseFile(java.io.File)
================================================================================

[DEBUG-STREAM] Processing node: generate, has iteration_log: True, approved=False
[Generate] produced 2714 chars
/Users/yogyagamage/Documents/UdeM/Courses/Testing/project/eval/jooby/jooby
[DEBUG-STREAM] Processing node: write, has iteration_log: True, approved=False
[Write] wrote to /Users/yogyagamage/Documents/UdeM/Courses/Testing/project/eval/jooby/jooby/src/test/java/io/jooby/EnvironmentfileConfig_ConfigFactoryparseFileFikaTest.java
[DEBUG-STREAM] Processing node: validate_constraints, has iteration_log: True, approved=False
[Validate] PASSED - hard constraints satisfied
[DEBUG-STREAM] Processing node: run, has iteration_log: True, approved=False
[Run] feedback_chars=839
[DEBUG-STREAM] Processing node: check_coverage, has iteration_log: True, approved=False
[Coverage] target 'com.typesafe.config.ConfigFactory.parseFile(java.io.File)' covered=False
[DEBUG-STREAM] Processing node: decide, has iteration_log: True, approved=False
[Decide] approved=False (tests failed, will retry if iteration<5)
[DEBUG-STREAM] Processing node: generate, has iteration_log: True, approved=False
[Generate] produced 1567 chars
/Users/yogyagamage/Documents/UdeM/Courses/Testing/project/eval/jooby/jooby
[DEBUG-STREAM] Processing node: write, has iteration_log: True, approved=False
[Write] wrote to /Users/yogyagamage/Documents/UdeM/Courses/Testing/project/eval/jooby/jooby/src/test/java/io/jooby/EnvironmentfileConfig_ConfigFactoryparseFileFikaTest.java
[DEBUG-STREAM] Processing node: validate_constraints, has iteration_log: True, approved=False
[Validate] PASSED - hard constraints satisfied
[DEBUG-STREAM] Processing node: run, has iteration_log: True, approved=False
[Run] feedback_chars=4011
[DEBUG-STREAM] Processing node: check_coverage, has iteration_log: True, approved=False
[Coverage] target 'com.typesafe.config.ConfigFactory.parseFile(java.io.File)' covered=True
[DEBUG-STREAM] Processing node: decide, has iteration_log: True, approved=True
[Decide] approved=True (tests passed AND target method covered)
[DEBUG-STREAM] Processing node: finalize, has iteration_log: True, approved=True
[Finalize] SUCCESS: Test passed and target method covered

[DEBUG] Stream completed. final_state is set
[DEBUG] final_state keys: ['repo_root', 'mvn_cmd', 'max_iterations', 'run_only_generated_test', 'entryPoint', 'thirdPartyMethod', 'directCaller', 'path', 'methodSources', 'constructors', 'setters', 'fieldDeclarations', 'imports', 'testTemplate', 'conditionCount', 'callCount', 'covered', 'test_package', 'test_class_name', 'iteration', 'java_source', 'last_run_output', 'last_exit_code', 'success', 'approved', 'test_rel_path', 'trace', 'target_method_covered', 'coverage_total_lines', 'coverage_error', 'path_coverage_details', 'iteration_log', 'last_prompt']
[DEBUG] approved (after bool()) = True
✓ Test approved at iteration 2
  JSON path: /Users/yogyagamage/Documents/UdeM/Courses/Testing/project/eval/jooby/jooby/third_party_apis_full_methods.json
  Looking for thirdPartyMethod: com.typesafe.config.ConfigFactory.parseFile(java.io.File)
  Looking for directCaller: io.jooby.Environment.fileConfig(java.nio.file.Path[], java.lang.String)
[DEBUG]   ✓ MATCH FOUND at path 33
✓ Updated 1 record(s) in JSON file as covered
  Third Party Method: com.typesafe.config.ConfigFactory.parseFile(java.io.File)
  Direct Caller: io.jooby.Environment.fileConfig(java.nio.file.Path[], java.lang.String)

================================================================================
PROCESSING TEST CASE 35/35
================================================================================
Entry Point: io.jooby.Environment.loadEnvironment(io.jooby.EnvironmentOptions)
Third Party Method: com.typesafe.config.ConfigFactory.parseResources(java.lang.ClassLoader, java.lang.String)
================================================================================

[DEBUG-STREAM] Processing node: generate, has iteration_log: True, approved=False
[Generate] produced 1239 chars
/Users/yogyagamage/Documents/UdeM/Courses/Testing/project/eval/jooby/jooby
[DEBUG-STREAM] Processing node: write, has iteration_log: True, approved=False
[Write] wrote to /Users/yogyagamage/Documents/UdeM/Courses/Testing/project/eval/jooby/jooby/src/test/java/io/jooby/EnvironmentclasspathConfig_ConfigFactoryparseResourcesFikaTest.java
[DEBUG-STREAM] Processing node: validate_constraints, has iteration_log: True, approved=False
[Validate] PASSED - hard constraints satisfied
[DEBUG-STREAM] Processing node: run, has iteration_log: True, approved=False
[Run] feedback_chars=1667
[DEBUG-STREAM] Processing node: check_coverage, has iteration_log: True, approved=False
[Coverage] target 'com.typesafe.config.ConfigFactory.parseResources(java.lang.ClassLoader, java.lang.String)' covered=False
[DEBUG-STREAM] Processing node: decide, has iteration_log: True, approved=False
[Decide] approved=False (tests failed, will retry if iteration<5)
[DEBUG-STREAM] Processing node: generate, has iteration_log: True, approved=False
[Generate] produced 1002 chars
/Users/yogyagamage/Documents/UdeM/Courses/Testing/project/eval/jooby/jooby
[DEBUG-STREAM] Processing node: write, has iteration_log: True, approved=False
[Write] wrote to /Users/yogyagamage/Documents/UdeM/Courses/Testing/project/eval/jooby/jooby/src/test/java/io/jooby/EnvironmentclasspathConfig_ConfigFactoryparseResourcesFikaTest.java
[DEBUG-STREAM] Processing node: validate_constraints, has iteration_log: True, approved=False
[Validate] PASSED - hard constraints satisfied
[DEBUG-STREAM] Processing node: run, has iteration_log: True, approved=False
[Run] feedback_chars=4031
[DEBUG-STREAM] Processing node: check_coverage, has iteration_log: True, approved=False
[Coverage] target 'com.typesafe.config.ConfigFactory.parseResources(java.lang.ClassLoader, java.lang.String)' covered=True
[DEBUG-STREAM] Processing node: decide, has iteration_log: True, approved=True
[Decide] approved=True (tests passed AND target method covered)
[DEBUG-STREAM] Processing node: finalize, has iteration_log: True, approved=True
[Finalize] SUCCESS: Test passed and target method covered

[DEBUG] Stream completed. final_state is set
[DEBUG] final_state keys: ['repo_root', 'mvn_cmd', 'max_iterations', 'run_only_generated_test', 'entryPoint', 'thirdPartyMethod', 'directCaller', 'path', 'methodSources', 'constructors', 'setters', 'fieldDeclarations', 'imports', 'testTemplate', 'conditionCount', 'callCount', 'covered', 'test_package', 'test_class_name', 'iteration', 'java_source', 'last_run_output', 'last_exit_code', 'success', 'approved', 'test_rel_path', 'trace', 'target_method_covered', 'coverage_total_lines', 'coverage_error', 'path_coverage_details', 'iteration_log', 'last_prompt']
[DEBUG] approved (after bool()) = True
✓ Test approved at iteration 2
  JSON path: /Users/yogyagamage/Documents/UdeM/Courses/Testing/project/eval/jooby/jooby/third_party_apis_full_methods.json
  Looking for thirdPartyMethod: com.typesafe.config.ConfigFactory.parseResources(java.lang.ClassLoader, java.lang.String)
  Looking for directCaller: io.jooby.Environment.classpathConfig(java.lang.ClassLoader, java.lang.String[], java.lang.String)
[DEBUG]   ✓ MATCH FOUND at path 34
✓ Updated 1 record(s) in JSON file as covered
  Third Party Method: com.typesafe.config.ConfigFactory.parseResources(java.lang.ClassLoader, java.lang.String)
  Direct Caller: io.jooby.Environment.classpathConfig(java.lang.ClassLoader, java.lang.String[], java.lang.String)

================================================================================
=== OVERALL SUMMARY ===
================================================================================
Total Test Cases: 35
Processed: 35
Approved: 28
Failed: 7
Success Rate: 80.0%
================================================================================

Approval Details:
  Test 1: Approved at iteration 1
  Test 2: Approved at iteration 4
  Test 3: Approved at iteration 2
  Test 4: Approved at iteration 1
  Test 5: Approved at iteration 3
  Test 6: Approved at iteration 1
  Test 7: Approved at iteration 1
  Test 8: Approved at iteration 1
  Test 9: Approved at iteration 1
  Test 10: Approved at iteration 2
  Test 12: Approved at iteration 1
  Test 13: Approved at iteration 1
  Test 14: Approved at iteration 1
  Test 15: Approved at iteration 2
  Test 16: Approved at iteration 1
  Test 17: Approved at iteration 2
  Test 18: Approved at iteration 1
  Test 19: Approved at iteration 1
  Test 20: Approved at iteration 1
  Test 21: Approved at iteration 1
  Test 22: Approved at iteration 2
  Test 23: Approved at iteration 1
  Test 24: Approved at iteration 1
  Test 25: Approved at iteration 1
  Test 26: Approved at iteration 1
  Test 27: Approved at iteration 1
  Test 34: Approved at iteration 2
  Test 35: Approved at iteration 2
================================================================================

